,Player,Pos,Age,Tm,G,GS,MP,FG,FGA,FG%,3P,3PA,3P%,2P,2PA,2P%,eFG%,FT,FTA,FT%,ORB,DRB,TRB,AST,STL,BLK,TOV,PF,PTS
0,Precious Achiuwa,PF,21.0,MIA,26.0,2.0,379.0,63.0,109.0,0.578,0.0,0.0,,63.0,109.0,0.578,0.578,34.0,63.0,0.54,36.0,69.0,105.0,17.0,10.0,15.0,29.0,50.0,160.0
1,Jaylen Adams,PG,24.0,MIL,6.0,0.0,17.0,1.0,8.0,0.125,0.0,2.0,0.0,1.0,6.0,0.167,0.125,0.0,0.0,,0.0,3.0,3.0,2.0,0.0,0.0,0.0,1.0,2.0
2,Steven Adams,C,27.0,NOP,24.0,24.0,697.0,84.0,143.0,0.587,0.0,1.0,0.0,84.0,142.0,0.592,0.587,26.0,55.0,0.473,103.0,114.0,217.0,56.0,23.0,13.0,44.0,47.0,194.0
3,Bam Adebayo,C,23.0,MIA,24.0,24.0,803.0,170.0,304.0,0.559,2.0,5.0,0.4,168.0,299.0,0.562,0.563,125.0,147.0,0.85,45.0,178.0,223.0,125.0,24.0,23.0,72.0,59.0,467.0
4,LaMarcus Aldridge,C,35.0,SAS,18.0,18.0,480.0,107.0,225.0,0.476,24.0,67.0,0.358,83.0,158.0,0.525,0.529,16.0,21.0,0.762,15.0,63.0,78.0,35.0,7.0,16.0,16.0,27.0,254.0
5,Ty-Shon Alexander,SG,22.0,PHO,3.0,0.0,8.0,0.0,3.0,0.0,0.0,1.0,0.0,0.0,2.0,0.0,0.0,0.0,0.0,,0.0,1.0,1.0,1.0,0.0,0.0,0.0,1.0,0.0
6,Nickeil Alexander-Walker,SG,22.0,NOP,21.0,3.0,429.0,73.0,184.0,0.397,23.0,86.0,0.267,50.0,98.0,0.51,0.459,25.0,32.0,0.781,4.0,54.0,58.0,45.0,25.0,8.0,30.0,38.0,194.0
7,Grayson Allen,SG,25.0,MEM,16.0,5.0,365.0,46.0,113.0,0.407,34.0,83.0,0.41,12.0,30.0,0.4,0.558,31.0,35.0,0.886,7.0,39.0,46.0,30.0,17.0,3.0,19.0,21.0,157.0
8,Jarrett Allen,C,22.0,TOT,26.0,8.0,677.0,111.0,168.0,0.661,1.0,4.0,0.25,110.0,164.0,0.671,0.664,94.0,125.0,0.752,76.0,152.0,228.0,41.0,12.0,44.0,38.0,41.0,317.0
9,Al-Farouq Aminu,PF,30.0,ORL,1.0,0.0,5.0,0.0,0.0,,0.0,0.0,,0.0,0.0,,,0.0,2.0,0.0,0.0,1.0,1.0,1.0,0.0,0.0,1.0,0.0,0.0
10,Kyle Anderson,PF,27.0,MEM,21.0,21.0,594.0,101.0,224.0,0.451,33.0,92.0,0.359,68.0,132.0,0.515,0.525,39.0,50.0,0.78,21.0,112.0,133.0,80.0,17.0,16.0,32.0,36.0,274.0
11,Giannis Antetokounmpo,PF,26.0,MIL,25.0,25.0,833.0,258.0,458.0,0.563,28.0,100.0,0.28,230.0,358.0,0.642,0.594,159.0,251.0,0.633,43.0,238.0,281.0,139.0,26.0,31.0,89.0,77.0,703.0
12,Kostas Antetokounmpo,PF,23.0,LAL,1.0,0.0,8.0,0.0,2.0,0.0,0.0,0.0,,0.0,2.0,0.0,0.0,0.0,0.0,,0.0,4.0,4.0,0.0,0.0,2.0,2.0,1.0,0.0
13,Thanasis Antetokounmpo,SF,28.0,MIL,17.0,0.0,149.0,17.0,26.0,0.654,2.0,7.0,0.286,15.0,19.0,0.789,0.692,4.0,7.0,0.571,13.0,18.0,31.0,15.0,5.0,3.0,15.0,25.0,40.0
14,Carmelo Anthony,PF,36.0,POR,24.0,3.0,605.0,109.0,273.0,0.399,42.0,107.0,0.393,67.0,166.0,0.404,0.476,63.0,74.0,0.851,11.0,71.0,82.0,28.0,20.0,20.0,21.0,48.0,323.0
15,Cole Anthony,PG,20.0,ORL,25.0,17.0,667.0,101.0,269.0,0.375,27.0,83.0,0.325,74.0,186.0,0.398,0.426,46.0,55.0,0.836,20.0,91.0,111.0,94.0,17.0,11.0,51.0,51.0,275.0
16,OG Anunoby,SF,23.0,TOR,17.0,17.0,592.0,86.0,177.0,0.486,42.0,97.0,0.433,44.0,80.0,0.55,0.605,35.0,47.0,0.745,27.0,72.0,99.0,27.0,35.0,9.0,30.0,49.0,249.0
17,Ryan Arcidiacono,PG,26.0,CHI,9.0,0.0,96.0,8.0,22.0,0.364,6.0,15.0,0.4,2.0,7.0,0.286,0.5,4.0,5.0,0.8,1.0,17.0,18.0,14.0,3.0,0.0,2.0,10.0,26.0
18,D.J. Augustin,PG,33.0,MIL,25.0,0.0,443.0,46.0,132.0,0.348,32.0,83.0,0.386,14.0,49.0,0.286,0.47,33.0,36.0,0.917,10.0,21.0,31.0,68.0,13.0,1.0,21.0,18.0,157.0
19,Deni Avdija,SF,20.0,WAS,19.0,16.0,435.0,51.0,116.0,0.44,24.0,65.0,0.369,27.0,51.0,0.529,0.543,8.0,15.0,0.533,11.0,77.0,88.0,33.0,16.0,4.0,15.0,50.0,134.0
20,Deandre Ayton,C,22.0,PHO,25.0,25.0,802.0,152.0,262.0,0.58,3.0,14.0,0.214,149.0,248.0,0.601,0.586,43.0,60.0,0.717,94.0,214.0,308.0,45.0,8.0,26.0,54.0,85.0,350.0
21,Udoka Azubuike,C,21.0,UTA,12.0,0.0,49.0,4.0,7.0,0.571,0.0,0.0,,4.0,7.0,0.571,0.571,4.0,6.0,0.667,4.0,9.0,13.0,0.0,1.0,4.0,3.0,8.0,12.0
22,Dwayne Bacon,SG,25.0,ORL,27.0,18.0,670.0,106.0,259.0,0.409,28.0,74.0,0.378,78.0,185.0,0.422,0.463,37.0,48.0,0.771,11.0,75.0,86.0,29.0,20.0,2.0,19.0,45.0,277.0
23,Marvin Bagley III,PF,21.0,SAC,24.0,24.0,602.0,121.0,256.0,0.473,25.0,67.0,0.373,96.0,189.0,0.508,0.521,33.0,67.0,0.493,50.0,127.0,177.0,22.0,12.0,11.0,37.0,62.0,300.0
24,LaMelo Ball,PG,19.0,CHO,27.0,7.0,737.0,145.0,328.0,0.442,48.0,136.0,0.353,97.0,192.0,0.505,0.515,55.0,69.0,0.797,40.0,121.0,161.0,163.0,40.0,9.0,70.0,70.0,393.0
25,Lonzo Ball,PG,23.0,NOP,22.0,22.0,678.0,112.0,267.0,0.419,62.0,165.0,0.376,50.0,102.0,0.49,0.536,17.0,23.0,0.739,13.0,86.0,99.0,105.0,28.0,12.0,42.0,52.0,303.0
26,Mo Bamba,C,22.0,ORL,11.0,0.0,80.0,25.0,43.0,0.581,4.0,12.0,0.333,21.0,31.0,0.677,0.628,3.0,5.0,0.6,13.0,20.0,33.0,4.0,2.0,6.0,4.0,12.0,57.0
27,Desmond Bane,SG,22.0,MEM,20.0,2.0,456.0,75.0,155.0,0.484,41.0,85.0,0.482,34.0,70.0,0.486,0.616,14.0,17.0,0.824,9.0,44.0,53.0,32.0,13.0,3.0,23.0,37.0,205.0
28,Harrison Barnes,PF,28.0,SAC,25.0,25.0,891.0,138.0,282.0,0.489,45.0,109.0,0.413,93.0,173.0,0.538,0.569,93.0,109.0,0.853,28.0,133.0,161.0,88.0,19.0,5.0,36.0,29.0,414.0
29,RJ Barrett,SG,20.0,NYK,28.0,28.0,953.0,174.0,412.0,0.422,27.0,96.0,0.281,147.0,316.0,0.465,0.455,83.0,112.0,0.741,35.0,138.0,173.0,88.0,20.0,5.0,53.0,71.0,458.0
30,Will Barton,SF,30.0,DEN,25.0,21.0,744.0,109.0,250.0,0.436,40.0,99.0,0.404,69.0,151.0,0.457,0.516,33.0,44.0,0.75,12.0,81.0,93.0,80.0,20.0,11.0,38.0,46.0,291.0
31,Keita Bates-Diop,SF,25.0,SAS,8.0,0.0,27.0,0.0,9.0,0.0,0.0,4.0,0.0,0.0,5.0,0.0,0.0,5.0,6.0,0.833,1.0,2.0,3.0,2.0,1.0,0.0,0.0,0.0,5.0
32,Nicolas Batum,SF,32.0,LAC,26.0,26.0,776.0,89.0,180.0,0.494,56.0,122.0,0.459,33.0,58.0,0.569,0.65,26.0,30.0,0.867,24.0,106.0,130.0,61.0,35.0,9.0,19.0,46.0,260.0
33,Aron Baynes,C,34.0,TOR,23.0,23.0,429.0,55.0,136.0,0.404,12.0,52.0,0.231,43.0,84.0,0.512,0.449,7.0,8.0,0.875,33.0,93.0,126.0,23.0,6.0,8.0,19.0,57.0,129.0
34,Kent Bazemore,SF,31.0,GSW,25.0,0.0,386.0,56.0,109.0,0.514,23.0,51.0,0.451,33.0,58.0,0.569,0.619,20.0,25.0,0.8,11.0,64.0,75.0,38.0,19.0,14.0,26.0,53.0,155.0
35,Darius Bazley,PF,20.0,OKC,25.0,25.0,773.0,108.0,280.0,0.386,35.0,125.0,0.28,73.0,155.0,0.471,0.448,41.0,54.0,0.759,15.0,174.0,189.0,40.0,10.0,19.0,47.0,27.0,292.0
36,Bradley Beal,SG,27.0,WAS,21.0,21.0,741.0,241.0,515.0,0.468,52.0,156.0,0.333,189.0,359.0,0.526,0.518,155.0,174.0,0.891,32.0,73.0,105.0,94.0,27.0,12.0,63.0,55.0,689.0
37,Malik Beasley,SG,24.0,MIN,26.0,26.0,836.0,200.0,439.0,0.456,86.0,219.0,0.393,114.0,220.0,0.518,0.554,59.0,69.0,0.855,26.0,108.0,134.0,63.0,20.0,5.0,38.0,43.0,545.0
38,Jordan Bell,C,26.0,WAS,3.0,1.0,50.0,5.0,15.0,0.333,0.0,2.0,0.0,5.0,13.0,0.385,0.333,0.0,0.0,,5.0,11.0,16.0,5.0,1.0,3.0,3.0,4.0,10.0
39,DeAndre' Bembry,SF,26.0,TOR,17.0,0.0,221.0,27.0,45.0,0.6,7.0,12.0,0.583,20.0,33.0,0.606,0.678,3.0,4.0,0.75,8.0,18.0,26.0,28.0,11.0,5.0,11.0,21.0,64.0
40,Dāvis Bertāns,PF,28.0,WAS,20.0,3.0,508.0,60.0,176.0,0.341,52.0,157.0,0.331,8.0,19.0,0.421,0.489,32.0,40.0,0.8,9.0,48.0,57.0,19.0,14.0,5.0,13.0,50.0,204.0
41,Patrick Beverley,PG,32.0,LAC,18.0,18.0,440.0,46.0,113.0,0.407,30.0,72.0,0.417,16.0,41.0,0.39,0.54,19.0,25.0,0.76,20.0,54.0,74.0,36.0,16.0,13.0,13.0,61.0,141.0
42,Saddiq Bey,SF,21.0,DET,24.0,7.0,459.0,67.0,164.0,0.409,45.0,108.0,0.417,22.0,56.0,0.393,0.546,33.0,41.0,0.805,10.0,74.0,84.0,16.0,10.0,1.0,16.0,31.0,212.0
43,Tyler Bey,SF,22.0,DAL,4.0,0.0,13.0,2.0,5.0,0.4,0.0,0.0,,2.0,5.0,0.4,0.4,2.0,4.0,0.5,2.0,1.0,3.0,0.0,0.0,1.0,0.0,2.0,6.0
44,Khem Birch,C,28.0,ORL,27.0,0.0,581.0,68.0,133.0,0.511,2.0,10.0,0.2,66.0,123.0,0.537,0.519,46.0,60.0,0.767,74.0,89.0,163.0,33.0,20.0,18.0,16.0,46.0,184.0
45,Goga Bitadze,C,21.0,IND,12.0,0.0,122.0,22.0,38.0,0.579,2.0,12.0,0.167,20.0,26.0,0.769,0.605,9.0,12.0,0.75,9.0,20.0,29.0,3.0,3.0,14.0,4.0,22.0,55.0
46,Bismack Biyombo,C,28.0,CHO,25.0,16.0,559.0,64.0,113.0,0.566,0.0,1.0,0.0,64.0,112.0,0.571,0.566,20.0,44.0,0.455,56.0,93.0,149.0,33.0,6.0,30.0,23.0,58.0,148.0
47,Nemanja Bjelica,PF,32.0,SAC,11.0,0.0,179.0,26.0,59.0,0.441,6.0,24.0,0.25,20.0,35.0,0.571,0.492,23.0,28.0,0.821,11.0,34.0,45.0,25.0,0.0,2.0,13.0,21.0,81.0
48,Eric Bledsoe,SG,31.0,NOP,24.0,23.0,702.0,116.0,261.0,0.444,55.0,131.0,0.42,61.0,130.0,0.469,0.55,32.0,49.0,0.653,11.0,74.0,85.0,89.0,16.0,6.0,44.0,38.0,319.0
49,Keljin Blevins,SF,25.0,POR,8.0,0.0,38.0,1.0,9.0,0.111,0.0,3.0,0.0,1.0,6.0,0.167,0.111,0.0,0.0,,0.0,0.0,0.0,4.0,2.0,0.0,3.0,4.0,2.0
50,Bogdan Bogdanović,SG,28.0,ATL,9.0,2.0,213.0,30.0,78.0,0.385,21.0,58.0,0.362,9.0,20.0,0.45,0.519,8.0,9.0,0.889,2.0,32.0,34.0,19.0,4.0,1.0,11.0,18.0,89.0
51,Bojan Bogdanović,SF,31.0,UTA,27.0,27.0,834.0,140.0,329.0,0.426,74.0,182.0,0.407,66.0,147.0,0.449,0.538,72.0,84.0,0.857,13.0,96.0,109.0,60.0,11.0,1.0,39.0,41.0,426.0
52,Bol Bol,PF,21.0,DEN,12.0,2.0,65.0,7.0,16.0,0.438,2.0,6.0,0.333,5.0,10.0,0.5,0.5,1.0,2.0,0.5,0.0,9.0,9.0,2.0,1.0,4.0,5.0,7.0,17.0
53,Marques Bolden,C,22.0,CLE,6.0,0.0,29.0,1.0,3.0,0.333,0.0,0.0,,1.0,3.0,0.333,0.333,5.0,8.0,0.625,3.0,3.0,6.0,0.0,2.0,2.0,2.0,0.0,7.0
54,Jordan Bone,PG,23.0,ORL,14.0,0.0,196.0,23.0,54.0,0.426,10.0,32.0,0.313,13.0,22.0,0.591,0.519,0.0,0.0,,4.0,20.0,24.0,18.0,2.0,0.0,3.0,11.0,56.0
55,Isaac Bonga,SF,21.0,WAS,16.0,7.0,224.0,14.0,35.0,0.4,9.0,22.0,0.409,5.0,13.0,0.385,0.529,2.0,3.0,0.667,8.0,30.0,38.0,9.0,4.0,4.0,7.0,25.0,39.0
56,Devin Booker,SG,24.0,PHO,21.0,21.0,739.0,187.0,383.0,0.488,46.0,126.0,0.365,141.0,257.0,0.549,0.548,92.0,112.0,0.821,4.0,75.0,79.0,88.0,19.0,7.0,79.0,70.0,512.0
57,Chris Boucher,C,28.0,TOR,26.0,0.0,605.0,127.0,238.0,0.534,41.0,93.0,0.441,86.0,145.0,0.593,0.62,65.0,88.0,0.739,52.0,127.0,179.0,27.0,13.0,53.0,18.0,71.0,360.0
58,Brian Bowen,SF,22.0,IND,1.0,0.0,5.0,1.0,2.0,0.5,0.0,0.0,,1.0,2.0,0.5,0.5,1.0,1.0,1.0,0.0,1.0,1.0,0.0,0.0,0.0,0.0,0.0,3.0
59,Avery Bradley,SG,30.0,MIA,10.0,1.0,211.0,31.0,66.0,0.47,16.0,38.0,0.421,15.0,28.0,0.536,0.591,7.0,9.0,0.778,2.0,16.0,18.0,14.0,7.0,1.0,9.0,26.0,85.0
60,Tony Bradley,C,23.0,PHI,10.0,1.0,117.0,19.0,36.0,0.528,0.0,1.0,0.0,19.0,35.0,0.543,0.528,3.0,5.0,0.6,21.0,29.0,50.0,6.0,3.0,6.0,1.0,11.0,41.0
61,Jarrell Brantley,PF,24.0,UTA,7.0,0.0,20.0,3.0,7.0,0.429,3.0,5.0,0.6,0.0,2.0,0.0,0.643,0.0,0.0,,1.0,3.0,4.0,0.0,1.0,1.0,1.0,4.0,9.0
62,Ignas Brazdeikis,SF,22.0,NYK,4.0,0.0,7.0,0.0,1.0,0.0,0.0,0.0,,0.0,1.0,0.0,0.0,2.0,2.0,1.0,1.0,1.0,2.0,1.0,0.0,0.0,1.0,0.0,2.0
63,Mikal Bridges,SF,24.0,PHO,25.0,25.0,830.0,126.0,252.0,0.5,48.0,124.0,0.387,78.0,128.0,0.609,0.595,51.0,62.0,0.823,36.0,97.0,133.0,54.0,14.0,25.0,18.0,49.0,351.0
64,Miles Bridges,PF,22.0,CHO,27.0,1.0,711.0,103.0,219.0,0.47,36.0,96.0,0.375,67.0,123.0,0.545,0.553,30.0,32.0,0.938,36.0,120.0,156.0,52.0,19.0,21.0,46.0,63.0,272.0
65,Malcolm Brogdon,PG,28.0,IND,27.0,27.0,963.0,214.0,487.0,0.439,70.0,181.0,0.387,144.0,306.0,0.471,0.511,73.0,81.0,0.901,16.0,100.0,116.0,178.0,35.0,7.0,53.0,49.0,571.0
66,Dillon Brooks,SF,25.0,MEM,21.0,21.0,612.0,125.0,323.0,0.387,41.0,131.0,0.313,84.0,192.0,0.438,0.45,32.0,42.0,0.762,25.0,46.0,71.0,57.0,28.0,9.0,47.0,65.0,323.0
67,Bruce Brown,PG,24.0,BRK,24.0,11.0,447.0,69.0,119.0,0.58,4.0,21.0,0.19,65.0,98.0,0.663,0.597,19.0,27.0,0.704,32.0,78.0,110.0,23.0,13.0,8.0,20.0,46.0,161.0
68,Jaylen Brown,SG,24.0,BOS,23.0,23.0,767.0,229.0,447.0,0.512,54.0,132.0,0.409,175.0,315.0,0.556,0.573,87.0,114.0,0.763,28.0,101.0,129.0,81.0,30.0,14.0,59.0,67.0,599.0
69,Moses Brown,C,21.0,OKC,7.0,0.0,31.0,7.0,10.0,0.7,0.0,0.0,,7.0,10.0,0.7,0.7,7.0,14.0,0.5,4.0,11.0,15.0,3.0,1.0,4.0,1.0,4.0,21.0
70,Sterling Brown,SG,25.0,HOU,24.0,1.0,505.0,68.0,148.0,0.459,38.0,90.0,0.422,30.0,58.0,0.517,0.588,8.0,8.0,1.0,19.0,75.0,94.0,41.0,24.0,5.0,14.0,45.0,182.0
71,Troy Brown Jr.,SF,21.0,WAS,12.0,0.0,200.0,22.0,60.0,0.367,11.0,35.0,0.314,11.0,25.0,0.44,0.458,7.0,12.0,0.583,8.0,35.0,43.0,13.0,2.0,2.0,11.0,22.0,62.0
72,Jalen Brunson,PG,24.0,DAL,23.0,6.0,544.0,98.0,188.0,0.521,26.0,63.0,0.413,72.0,125.0,0.576,0.59,47.0,53.0,0.887,5.0,69.0,74.0,85.0,9.0,0.0,28.0,35.0,269.0
73,Thomas Bryant,C,23.0,WAS,10.0,10.0,271.0,59.0,91.0,0.648,9.0,21.0,0.429,50.0,70.0,0.714,0.698,16.0,24.0,0.667,18.0,43.0,61.0,15.0,4.0,8.0,11.0,31.0,143.0
74,Reggie Bullock,SF,29.0,NYK,23.0,23.0,614.0,74.0,181.0,0.409,42.0,109.0,0.385,32.0,72.0,0.444,0.525,11.0,14.0,0.786,6.0,76.0,82.0,29.0,17.0,5.0,16.0,58.0,201.0
75,Trey Burke,PG,28.0,DAL,26.0,0.0,457.0,78.0,176.0,0.443,35.0,89.0,0.393,43.0,87.0,0.494,0.543,23.0,27.0,0.852,4.0,25.0,29.0,40.0,21.0,2.0,15.0,40.0,214.0
76,Alec Burks,SG,29.0,NYK,16.0,3.0,416.0,60.0,150.0,0.4,34.0,80.0,0.425,26.0,70.0,0.371,0.513,33.0,41.0,0.805,9.0,67.0,76.0,37.0,14.0,5.0,17.0,31.0,187.0
77,Jimmy Butler,SF,31.0,MIA,14.0,14.0,449.0,80.0,185.0,0.432,3.0,20.0,0.15,77.0,165.0,0.467,0.441,105.0,124.0,0.847,24.0,77.0,101.0,97.0,26.0,6.0,28.0,15.0,268.0
78,Bruno Caboclo,PF,25.0,HOU,6.0,0.0,36.0,8.0,17.0,0.471,0.0,5.0,0.0,8.0,12.0,0.667,0.471,1.0,2.0,0.5,3.0,11.0,14.0,1.0,0.0,2.0,4.0,6.0,17.0
79,Devontae Cacok,PF,24.0,LAL,1.0,0.0,2.0,1.0,1.0,1.0,0.0,0.0,,1.0,1.0,1.0,1.0,0.0,0.0,,0.0,0.0,0.0,0.0,0.0,0.0,0.0,0.0,2.0
80,Kentavious Caldwell-Pope,SG,27.0,LAL,23.0,23.0,577.0,70.0,151.0,0.464,37.0,83.0,0.446,33.0,68.0,0.485,0.586,21.0,25.0,0.84,7.0,45.0,52.0,33.0,16.0,7.0,23.0,37.0,198.0
81,Facundo Campazzo,PG,29.0,DEN,22.0,0.0,259.0,24.0,69.0,0.348,17.0,48.0,0.354,7.0,21.0,0.333,0.471,13.0,17.0,0.765,3.0,12.0,15.0,35.0,17.0,3.0,15.0,38.0,78.0
82,Vlatko Čančar,PF,23.0,DEN,11.0,0.0,33.0,0.0,7.0,0.0,0.0,4.0,0.0,0.0,3.0,0.0,0.0,0.0,0.0,,2.0,6.0,8.0,0.0,3.0,2.0,2.0,2.0,0.0
83,Clint Capela,C,26.0,ATL,23.0,23.0,663.0,141.0,249.0,0.566,0.0,0.0,,141.0,249.0,0.566,0.566,36.0,67.0,0.537,104.0,215.0,319.0,23.0,18.0,51.0,32.0,51.0,318.0
84,Vernon Carey Jr.,C,19.0,CHO,3.0,0.0,6.0,1.0,3.0,0.333,0.0,1.0,0.0,1.0,2.0,0.5,0.333,1.0,2.0,0.5,2.0,1.0,3.0,1.0,0.0,1.0,0.0,0.0,3.0
85,Jevon Carter,PG,25.0,PHO,22.0,0.0,254.0,25.0,72.0,0.347,14.0,49.0,0.286,11.0,23.0,0.478,0.444,2.0,2.0,1.0,3.0,28.0,31.0,25.0,10.0,6.0,5.0,27.0,66.0
86,Wendell Carter Jr.,C,21.0,CHI,14.0,14.0,377.0,65.0,122.0,0.533,4.0,15.0,0.267,61.0,107.0,0.57,0.549,45.0,62.0,0.726,33.0,79.0,112.0,34.0,9.0,9.0,27.0,43.0,179.0
87,Michael Carter-Williams,SG,29.0,ORL,8.0,3.0,187.0,22.0,60.0,0.367,2.0,15.0,0.133,20.0,45.0,0.444,0.383,11.0,14.0,0.786,17.0,26.0,43.0,19.0,4.0,4.0,12.0,22.0,57.0
88,Alex Caruso,PG,26.0,LAL,20.0,0.0,375.0,40.0,89.0,0.449,20.0,45.0,0.444,20.0,44.0,0.455,0.562,7.0,8.0,0.875,11.0,37.0,48.0,45.0,21.0,3.0,25.0,31.0,107.0
89,Willie Cauley-Stein,C,27.0,DAL,25.0,10.0,438.0,62.0,96.0,0.646,1.0,5.0,0.2,61.0,91.0,0.67,0.651,26.0,42.0,0.619,30.0,85.0,115.0,20.0,8.0,17.0,14.0,64.0,151.0
90,Chris Chiozza,PG,25.0,BRK,11.0,0.0,100.0,12.0,40.0,0.3,5.0,17.0,0.294,7.0,23.0,0.304,0.363,9.0,11.0,0.818,3.0,7.0,10.0,25.0,4.0,3.0,8.0,7.0,38.0
91,Marquese Chriss,PF,23.0,GSW,2.0,0.0,27.0,5.0,14.0,0.357,1.0,5.0,0.2,4.0,9.0,0.444,0.393,2.0,4.0,0.5,3.0,10.0,13.0,2.0,0.0,2.0,2.0,3.0,13.0
92,Gary Clark,SF,26.0,ORL,24.0,9.0,496.0,27.0,90.0,0.3,20.0,76.0,0.263,7.0,14.0,0.5,0.411,6.0,7.0,0.857,26.0,55.0,81.0,21.0,7.0,5.0,15.0,28.0,80.0
93,Brandon Clarke,PF,24.0,MEM,17.0,13.0,482.0,99.0,203.0,0.488,9.0,34.0,0.265,90.0,169.0,0.533,0.51,19.0,32.0,0.594,30.0,69.0,99.0,28.0,21.0,13.0,11.0,26.0,226.0
94,Jordan Clarkson,SG,28.0,UTA,27.0,0.0,697.0,174.0,385.0,0.452,82.0,221.0,0.371,92.0,164.0,0.561,0.558,40.0,41.0,0.976,25.0,90.0,115.0,57.0,24.0,7.0,50.0,40.0,470.0
95,Amir Coffey,SG,23.0,LAC,16.0,0.0,91.0,10.0,26.0,0.385,4.0,12.0,0.333,6.0,14.0,0.429,0.462,2.0,7.0,0.286,2.0,5.0,7.0,6.0,3.0,0.0,3.0,8.0,26.0
96,John Collins,PF,23.0,ATL,26.0,26.0,826.0,185.0,341.0,0.543,36.0,92.0,0.391,149.0,249.0,0.598,0.595,64.0,75.0,0.853,57.0,145.0,202.0,42.0,12.0,26.0,37.0,86.0,470.0
97,Mike Conley,PG,33.0,UTA,23.0,23.0,674.0,131.0,291.0,0.45,64.0,156.0,0.41,67.0,135.0,0.496,0.56,53.0,65.0,0.815,23.0,61.0,84.0,134.0,32.0,2.0,46.0,42.0,379.0
98,Pat Connaughton,SG,28.0,MIL,23.0,0.0,420.0,45.0,105.0,0.429,28.0,71.0,0.394,17.0,34.0,0.5,0.562,5.0,8.0,0.625,19.0,64.0,83.0,33.0,16.0,9.0,5.0,30.0,123.0
99,Quinn Cook,PG,27.0,LAL,14.0,0.0,46.0,8.0,19.0,0.421,4.0,10.0,0.4,4.0,9.0,0.444,0.526,4.0,5.0,0.8,0.0,4.0,4.0,5.0,1.0,0.0,2.0,1.0,24.0
100,DeMarcus Cousins,C,30.0,HOU,23.0,9.0,449.0,69.0,188.0,0.367,33.0,101.0,0.327,36.0,87.0,0.414,0.455,39.0,54.0,0.722,30.0,146.0,176.0,56.0,19.0,16.0,37.0,68.0,210.0
101,Robert Covington,PF,30.0,POR,23.0,23.0,703.0,57.0,166.0,0.343,36.0,120.0,0.3,21.0,46.0,0.457,0.452,15.0,16.0,0.938,16.0,122.0,138.0,41.0,36.0,14.0,26.0,59.0,165.0
102,Torrey Craig,SF,30.0,MIL,13.0,0.0,154.0,17.0,35.0,0.486,8.0,17.0,0.471,9.0,18.0,0.5,0.6,1.0,2.0,0.5,11.0,25.0,36.0,11.0,7.0,5.0,5.0,21.0,43.0
103,Jae Crowder,PF,30.0,PHO,22.0,15.0,615.0,71.0,188.0,0.378,50.0,143.0,0.35,21.0,45.0,0.467,0.511,28.0,33.0,0.848,7.0,103.0,110.0,47.0,19.0,3.0,19.0,48.0,220.0
104,Jarrett Culver,SG,21.0,MIN,16.0,7.0,339.0,51.0,111.0,0.459,8.0,31.0,0.258,43.0,80.0,0.538,0.495,20.0,33.0,0.606,25.0,55.0,80.0,15.0,11.0,6.0,21.0,38.0,130.0
105,Seth Curry,SG,30.0,PHI,20.0,20.0,563.0,89.0,181.0,0.492,42.0,87.0,0.483,47.0,94.0,0.5,0.608,33.0,34.0,0.971,4.0,34.0,38.0,53.0,16.0,6.0,25.0,33.0,253.0
106,Stephen Curry,PG,32.0,GSW,27.0,27.0,914.0,269.0,546.0,0.493,133.0,310.0,0.429,136.0,236.0,0.576,0.614,137.0,147.0,0.932,12.0,134.0,146.0,158.0,33.0,2.0,89.0,53.0,808.0
107,Anthony Davis,PF,27.0,LAL,22.0,22.0,741.0,199.0,372.0,0.535,17.0,57.0,0.298,182.0,315.0,0.578,0.558,88.0,125.0,0.704,45.0,144.0,189.0,69.0,31.0,41.0,45.0,41.0,503.0
108,Ed Davis,C,31.0,MIN,19.0,7.0,264.0,18.0,43.0,0.419,0.0,0.0,,18.0,43.0,0.419,0.419,7.0,8.0,0.875,38.0,59.0,97.0,19.0,10.0,10.0,6.0,49.0,43.0
109,Terence Davis,SG,23.0,TOR,20.0,2.0,285.0,53.0,119.0,0.445,27.0,68.0,0.397,26.0,51.0,0.51,0.559,9.0,10.0,0.9,6.0,29.0,35.0,17.0,11.0,3.0,19.0,37.0,142.0
110,DeMar DeRozan,PF,31.0,SAS,24.0,24.0,800.0,161.0,328.0,0.491,15.0,45.0,0.333,146.0,283.0,0.516,0.514,150.0,168.0,0.893,19.0,104.0,123.0,163.0,17.0,8.0,40.0,43.0,487.0
111,Hamidou Diallo,SG,22.0,OKC,25.0,5.0,596.0,120.0,236.0,0.508,10.0,35.0,0.286,110.0,201.0,0.547,0.53,70.0,105.0,0.667,23.0,107.0,130.0,60.0,27.0,9.0,37.0,65.0,320.0
112,Gorgui Dieng,C,31.0,MEM,18.0,1.0,331.0,49.0,90.0,0.544,19.0,38.0,0.5,30.0,52.0,0.577,0.65,24.0,29.0,0.828,27.0,64.0,91.0,26.0,16.0,13.0,20.0,34.0,141.0
113,Spencer Dinwiddie,SG,27.0,BRK,3.0,3.0,64.0,6.0,16.0,0.375,2.0,7.0,0.286,4.0,9.0,0.444,0.438,6.0,6.0,1.0,0.0,13.0,13.0,9.0,2.0,1.0,5.0,4.0,20.0
114,Donte DiVincenzo,SG,24.0,MIL,26.0,26.0,670.0,93.0,224.0,0.415,49.0,122.0,0.402,44.0,102.0,0.431,0.525,12.0,17.0,0.706,27.0,87.0,114.0,68.0,33.0,6.0,31.0,38.0,247.0
115,Luka Dončić,PG,21.0,DAL,26.0,26.0,917.0,257.0,551.0,0.466,60.0,186.0,0.323,197.0,365.0,0.54,0.521,167.0,212.0,0.788,23.0,203.0,226.0,245.0,27.0,18.0,109.0,55.0,741.0
116,Luguentz Dort,SG,21.0,OKC,24.0,24.0,698.0,101.0,244.0,0.414,43.0,131.0,0.328,58.0,113.0,0.513,0.502,39.0,51.0,0.765,16.0,64.0,80.0,33.0,22.0,6.0,31.0,63.0,284.0
117,Damyean Dotson,SG,26.0,CLE,22.0,6.0,457.0,67.0,160.0,0.419,24.0,83.0,0.289,43.0,77.0,0.558,0.494,18.0,26.0,0.692,3.0,34.0,37.0,50.0,10.0,3.0,17.0,20.0,176.0
118,Devon Dotson,PG,21.0,CHI,1.0,0.0,10.0,2.0,4.0,0.5,0.0,0.0,,2.0,4.0,0.5,0.5,0.0,0.0,,0.0,1.0,1.0,0.0,0.0,0.0,0.0,1.0,4.0
119,Sekou Doumbouya,PF,20.0,DET,24.0,1.0,314.0,36.0,102.0,0.353,10.0,39.0,0.256,26.0,63.0,0.413,0.402,17.0,23.0,0.739,15.0,43.0,58.0,14.0,10.0,2.0,16.0,37.0,99.0
120,PJ Dozier,SG,24.0,DEN,17.0,0.0,330.0,44.0,94.0,0.468,15.0,37.0,0.405,29.0,57.0,0.509,0.548,18.0,25.0,0.72,16.0,54.0,70.0,23.0,9.0,10.0,13.0,29.0,121.0
121,Goran Dragić,PG,34.0,MIA,17.0,6.0,451.0,89.0,195.0,0.456,28.0,78.0,0.359,61.0,117.0,0.521,0.528,38.0,47.0,0.809,7.0,45.0,52.0,90.0,9.0,2.0,51.0,45.0,244.0
122,Andre Drummond,C,27.0,CLE,25.0,25.0,722.0,180.0,380.0,0.474,0.0,8.0,0.0,180.0,372.0,0.484,0.474,77.0,129.0,0.597,101.0,236.0,337.0,64.0,40.0,29.0,81.0,69.0,437.0
123,Jared Dudley,PF,35.0,LAL,6.0,0.0,22.0,1.0,1.0,1.0,1.0,1.0,1.0,0.0,0.0,,1.5,0.0,0.0,,1.0,5.0,6.0,1.0,0.0,0.0,0.0,0.0,3.0
124,Kevin Durant,PF,32.0,BRK,19.0,18.0,679.0,188.0,359.0,0.524,49.0,113.0,0.434,139.0,246.0,0.565,0.592,126.0,145.0,0.869,7.0,132.0,139.0,100.0,14.0,27.0,67.0,43.0,551.0
125,Anthony Edwards,SG,19.0,MIN,26.0,9.0,709.0,138.0,361.0,0.382,47.0,145.0,0.324,91.0,216.0,0.421,0.447,46.0,57.0,0.807,18.0,70.0,88.0,57.0,19.0,8.0,40.0,40.0,369.0
126,Carsen Edwards,SG,22.0,BOS,12.0,1.0,129.0,23.0,51.0,0.451,9.0,28.0,0.321,14.0,23.0,0.609,0.539,6.0,7.0,0.857,2.0,11.0,13.0,5.0,4.0,1.0,2.0,16.0,61.0
127,CJ Elleby,SF,20.0,POR,11.0,0.0,92.0,14.0,28.0,0.5,5.0,17.0,0.294,9.0,11.0,0.818,0.589,6.0,9.0,0.667,4.0,8.0,12.0,3.0,3.0,3.0,3.0,16.0,39.0
128,Wayne Ellington,SG,33.0,DET,19.0,16.0,438.0,73.0,156.0,0.468,53.0,119.0,0.445,20.0,37.0,0.541,0.638,12.0,16.0,0.75,7.0,32.0,39.0,20.0,8.0,4.0,14.0,27.0,211.0
129,Joel Embiid,C,26.0,PHI,22.0,22.0,711.0,207.0,381.0,0.543,26.0,65.0,0.4,181.0,316.0,0.573,0.577,212.0,249.0,0.851,43.0,194.0,237.0,62.0,28.0,27.0,73.0,54.0,652.0
130,James Ennis,SF,30.0,ORL,20.0,19.0,438.0,51.0,103.0,0.495,17.0,38.0,0.447,34.0,65.0,0.523,0.578,26.0,31.0,0.839,23.0,52.0,75.0,27.0,19.0,6.0,20.0,44.0,145.0
131,Drew Eubanks,C,23.0,SAS,10.0,0.0,132.0,14.0,35.0,0.4,0.0,0.0,,14.0,35.0,0.4,0.4,12.0,16.0,0.75,7.0,29.0,36.0,4.0,1.0,15.0,5.0,14.0,40.0
132,Dante Exum,SG,25.0,CLE,6.0,3.0,116.0,10.0,26.0,0.385,2.0,11.0,0.182,8.0,15.0,0.533,0.423,1.0,2.0,0.5,2.0,15.0,17.0,13.0,4.0,2.0,7.0,9.0,23.0
133,Tacko Fall,C,25.0,BOS,5.0,0.0,44.0,7.0,11.0,0.636,0.0,0.0,,7.0,11.0,0.636,0.636,2.0,6.0,0.333,6.0,11.0,17.0,0.0,0.0,8.0,1.0,7.0,16.0
134,Derrick Favors,C,29.0,UTA,25.0,0.0,414.0,62.0,100.0,0.62,0.0,1.0,0.0,62.0,99.0,0.626,0.62,31.0,40.0,0.775,52.0,89.0,141.0,24.0,12.0,27.0,15.0,63.0,155.0
135,Cristiano Felício,C,28.0,CHI,6.0,0.0,38.0,3.0,4.0,0.75,0.0,0.0,,3.0,4.0,0.75,0.75,5.0,8.0,0.625,6.0,6.0,12.0,5.0,2.0,0.0,3.0,3.0,11.0
136,Terrance Ferguson,SG,22.0,PHI,7.0,0.0,24.0,0.0,3.0,0.0,0.0,3.0,0.0,0.0,0.0,,0.0,0.0,0.0,,0.0,1.0,1.0,2.0,0.0,0.0,1.0,3.0,0.0
137,Bruno Fernando,C,22.0,ATL,14.0,0.0,129.0,9.0,21.0,0.429,0.0,2.0,0.0,9.0,19.0,0.474,0.429,9.0,15.0,0.6,12.0,39.0,51.0,9.0,2.0,2.0,12.0,14.0,27.0
138,Yogi Ferrell,PG,27.0,CLE,2.0,0.0,40.0,8.0,21.0,0.381,3.0,9.0,0.333,5.0,12.0,0.417,0.452,0.0,2.0,0.0,3.0,4.0,7.0,5.0,3.0,1.0,3.0,4.0,19.0
139,Dorian Finney-Smith,PF,27.0,DAL,18.0,18.0,548.0,58.0,132.0,0.439,33.0,90.0,0.367,25.0,42.0,0.595,0.564,10.0,12.0,0.833,27.0,61.0,88.0,22.0,18.0,7.0,11.0,49.0,159.0
140,Malachi Flynn,PG,22.0,TOR,13.0,0.0,106.0,11.0,39.0,0.282,5.0,23.0,0.217,6.0,16.0,0.375,0.346,2.0,4.0,0.5,1.0,8.0,9.0,16.0,4.0,0.0,4.0,10.0,29.0
141,Bryn Forbes,SG,27.0,MIL,26.0,3.0,456.0,88.0,178.0,0.494,52.0,108.0,0.481,36.0,70.0,0.514,0.64,12.0,17.0,0.706,5.0,23.0,28.0,13.0,6.0,0.0,18.0,32.0,240.0
142,Trent Forrest,PG,22.0,UTA,3.0,0.0,10.0,0.0,1.0,0.0,0.0,1.0,0.0,0.0,0.0,,0.0,2.0,2.0,1.0,0.0,0.0,0.0,1.0,2.0,0.0,0.0,2.0,2.0
143,Evan Fournier,SF,28.0,ORL,14.0,14.0,398.0,79.0,178.0,0.444,31.0,88.0,0.352,48.0,90.0,0.533,0.531,60.0,75.0,0.8,4.0,31.0,35.0,51.0,14.0,6.0,29.0,32.0,249.0
144,De'Aaron Fox,PG,23.0,SAC,24.0,24.0,797.0,204.0,428.0,0.477,46.0,129.0,0.357,158.0,299.0,0.528,0.53,108.0,158.0,0.684,16.0,65.0,81.0,160.0,29.0,12.0,77.0,65.0,562.0
145,Tim Frazier,PG,30.0,MEM,3.0,0.0,33.0,2.0,8.0,0.25,0.0,2.0,0.0,2.0,6.0,0.333,0.25,0.0,0.0,,0.0,4.0,4.0,7.0,1.0,0.0,3.0,4.0,4.0
146,Markelle Fultz,PG,22.0,ORL,8.0,8.0,215.0,41.0,104.0,0.394,4.0,16.0,0.25,37.0,88.0,0.42,0.413,17.0,19.0,0.895,5.0,20.0,25.0,43.0,8.0,2.0,18.0,18.0,103.0
147,Wenyen Gabriel,PF,23.0,NOP,3.0,0.0,10.0,0.0,3.0,0.0,0.0,1.0,0.0,0.0,2.0,0.0,0.0,0.0,0.0,,1.0,3.0,4.0,1.0,0.0,0.0,0.0,0.0,0.0
148,Daniel Gafford,PF,22.0,CHI,23.0,11.0,330.0,49.0,73.0,0.671,0.0,0.0,,49.0,73.0,0.671,0.671,25.0,37.0,0.676,33.0,43.0,76.0,16.0,11.0,29.0,18.0,47.0,123.0
149,Danilo Gallinari,PF,32.0,ATL,14.0,1.0,264.0,42.0,103.0,0.408,21.0,59.0,0.356,21.0,44.0,0.477,0.51,41.0,44.0,0.932,3.0,36.0,39.0,17.0,3.0,1.0,17.0,24.0,146.0
150,Langston Galloway,SG,29.0,PHO,21.0,0.0,244.0,34.0,72.0,0.472,20.0,42.0,0.476,14.0,30.0,0.467,0.611,16.0,16.0,1.0,4.0,20.0,24.0,15.0,4.0,0.0,7.0,13.0,104.0
151,Darius Garland,PG,21.0,CLE,19.0,16.0,611.0,120.0,264.0,0.455,32.0,78.0,0.41,88.0,186.0,0.473,0.515,25.0,28.0,0.893,9.0,35.0,44.0,103.0,17.0,3.0,47.0,44.0,297.0
152,Marc Gasol,C,36.0,LAL,27.0,27.0,532.0,34.0,89.0,0.382,16.0,50.0,0.32,18.0,39.0,0.462,0.472,22.0,25.0,0.88,21.0,92.0,113.0,51.0,11.0,34.0,24.0,63.0,106.0
153,Rudy Gay,PF,34.0,SAS,25.0,0.0,552.0,103.0,248.0,0.415,40.0,109.0,0.367,63.0,139.0,0.453,0.496,32.0,42.0,0.762,24.0,108.0,132.0,37.0,17.0,13.0,28.0,47.0,278.0
154,Paul George,SF,30.0,LAC,20.0,20.0,680.0,168.0,331.0,0.508,75.0,157.0,0.478,93.0,174.0,0.534,0.621,76.0,84.0,0.905,13.0,111.0,124.0,109.0,24.0,9.0,72.0,45.0,487.0
155,Taj Gibson,PF,35.0,NYK,6.0,0.0,76.0,9.0,17.0,0.529,1.0,4.0,0.25,8.0,13.0,0.615,0.559,2.0,4.0,0.5,7.0,9.0,16.0,4.0,0.0,1.0,1.0,9.0,21.0
156,Harry Giles,C,22.0,POR,21.0,0.0,247.0,24.0,59.0,0.407,3.0,8.0,0.375,21.0,51.0,0.412,0.432,12.0,16.0,0.75,22.0,80.0,102.0,20.0,5.0,9.0,14.0,41.0,63.0
157,Shai Gilgeous-Alexander,SG,22.0,OKC,21.0,21.0,709.0,167.0,330.0,0.506,39.0,102.0,0.382,128.0,228.0,0.561,0.565,101.0,131.0,0.771,14.0,102.0,116.0,137.0,18.0,14.0,62.0,43.0,474.0
158,Anthony Gill,PF,28.0,WAS,10.0,1.0,65.0,3.0,10.0,0.3,1.0,7.0,0.143,2.0,3.0,0.667,0.35,3.0,4.0,0.75,3.0,16.0,19.0,3.0,3.0,2.0,3.0,3.0,10.0
159,Rudy Gobert,C,28.0,UTA,27.0,27.0,814.0,147.0,232.0,0.634,0.0,1.0,0.0,147.0,231.0,0.636,0.634,85.0,151.0,0.563,96.0,265.0,361.0,34.0,10.0,75.0,46.0,62.0,379.0
160,Brandon Goodwin,PG,25.0,ATL,22.0,0.0,280.0,33.0,102.0,0.324,14.0,52.0,0.269,19.0,50.0,0.38,0.392,17.0,24.0,0.708,3.0,24.0,27.0,43.0,10.0,0.0,12.0,23.0,97.0
161,Aaron Gordon,PF,25.0,ORL,19.0,19.0,552.0,91.0,213.0,0.427,31.0,84.0,0.369,60.0,129.0,0.465,0.5,49.0,80.0,0.613,33.0,104.0,137.0,80.0,14.0,16.0,53.0,38.0,262.0
162,Eric Gordon,SG,32.0,HOU,21.0,9.0,613.0,131.0,282.0,0.465,57.0,162.0,0.352,74.0,120.0,0.617,0.566,76.0,90.0,0.844,7.0,42.0,49.0,54.0,12.0,11.0,39.0,29.0,395.0
163,Devonte' Graham,PG,25.0,CHO,24.0,24.0,801.0,107.0,303.0,0.353,69.0,197.0,0.35,38.0,106.0,0.358,0.467,55.0,71.0,0.775,13.0,58.0,71.0,139.0,25.0,0.0,35.0,38.0,338.0
164,Jerami Grant,SF,26.0,DET,26.0,26.0,942.0,202.0,459.0,0.44,65.0,170.0,0.382,137.0,289.0,0.474,0.511,138.0,158.0,0.873,23.0,120.0,143.0,78.0,22.0,31.0,44.0,71.0,607.0
165,Danny Green,SF,33.0,PHI,27.0,27.0,759.0,84.0,210.0,0.4,58.0,158.0,0.367,26.0,52.0,0.5,0.538,10.0,14.0,0.714,26.0,73.0,99.0,49.0,31.0,19.0,36.0,42.0,236.0
166,Draymond Green,PF,30.0,GSW,23.0,23.0,665.0,44.0,124.0,0.355,8.0,43.0,0.186,36.0,81.0,0.444,0.387,23.0,34.0,0.676,13.0,114.0,127.0,183.0,31.0,13.0,62.0,71.0,119.0
167,JaMychal Green,PF,30.0,DEN,21.0,1.0,438.0,74.0,166.0,0.446,38.0,89.0,0.427,36.0,77.0,0.468,0.56,26.0,31.0,0.839,35.0,97.0,132.0,19.0,12.0,3.0,24.0,53.0,212.0
168,Javonte Green,SG,27.0,BOS,15.0,0.0,233.0,27.0,53.0,0.509,5.0,18.0,0.278,22.0,35.0,0.629,0.557,13.0,21.0,0.619,16.0,25.0,41.0,8.0,14.0,2.0,8.0,16.0,72.0
169,Jeff Green,PF,34.0,BRK,28.0,12.0,732.0,92.0,182.0,0.505,42.0,99.0,0.424,50.0,83.0,0.602,0.621,35.0,42.0,0.833,13.0,91.0,104.0,38.0,20.0,6.0,24.0,59.0,261.0
170,Josh Green,SG,20.0,DAL,17.0,5.0,212.0,17.0,36.0,0.472,2.0,12.0,0.167,15.0,24.0,0.625,0.5,6.0,11.0,0.545,12.0,27.0,39.0,10.0,4.0,1.0,11.0,16.0,42.0
171,Blake Griffin,PF,31.0,DET,20.0,20.0,626.0,81.0,222.0,0.365,39.0,124.0,0.315,42.0,98.0,0.429,0.453,44.0,62.0,0.71,7.0,97.0,104.0,77.0,14.0,2.0,32.0,42.0,245.0
172,Kyle Guy,PG,23.0,SAC,9.0,0.0,78.0,9.0,31.0,0.29,4.0,16.0,0.25,5.0,15.0,0.333,0.355,7.0,8.0,0.875,3.0,9.0,12.0,13.0,4.0,0.0,1.0,5.0,29.0
173,Rui Hachimura,PF,22.0,WAS,16.0,16.0,467.0,75.0,168.0,0.446,14.0,42.0,0.333,61.0,126.0,0.484,0.488,45.0,60.0,0.75,20.0,66.0,86.0,31.0,7.0,2.0,17.0,35.0,209.0
174,Ashton Hagans,PG,21.0,MIN,2.0,0.0,4.0,0.0,0.0,,0.0,0.0,,0.0,0.0,,,0.0,0.0,,0.0,0.0,0.0,0.0,0.0,0.0,1.0,0.0,0.0
175,Tyrese Haliburton,PG,20.0,SAC,23.0,2.0,673.0,106.0,214.0,0.495,53.0,118.0,0.449,53.0,96.0,0.552,0.619,13.0,15.0,0.867,24.0,58.0,82.0,124.0,28.0,15.0,37.0,31.0,278.0
176,Josh Hall,SF,20.0,OKC,7.0,0.0,51.0,4.0,18.0,0.222,1.0,8.0,0.125,3.0,10.0,0.3,0.25,3.0,7.0,0.429,1.0,8.0,9.0,7.0,0.0,0.0,4.0,7.0,12.0
177,R.J. Hampton,PG,19.0,DEN,18.0,0.0,128.0,15.0,33.0,0.455,4.0,10.0,0.4,11.0,23.0,0.478,0.515,2.0,4.0,0.5,8.0,24.0,32.0,9.0,5.0,2.0,9.0,9.0,36.0
178,Tim Hardaway Jr.,SG,28.0,DAL,26.0,17.0,798.0,154.0,348.0,0.443,81.0,204.0,0.397,73.0,144.0,0.507,0.559,49.0,63.0,0.778,6.0,79.0,85.0,43.0,18.0,4.0,24.0,41.0,438.0
179,James Harden,SG,31.0,TOT,22.0,22.0,832.0,159.0,340.0,0.468,62.0,169.0,0.367,97.0,171.0,0.567,0.559,140.0,157.0,0.892,16.0,139.0,155.0,246.0,24.0,17.0,94.0,51.0,520.0
180,Maurice Harkless,SF,27.0,MIA,9.0,3.0,96.0,4.0,10.0,0.4,4.0,8.0,0.5,0.0,2.0,0.0,0.6,0.0,2.0,0.0,0.0,8.0,8.0,5.0,2.0,2.0,2.0,11.0,12.0
181,Jared Harper,PG,23.0,NYK,2.0,0.0,5.0,0.0,1.0,0.0,0.0,0.0,,0.0,1.0,0.0,0.0,2.0,2.0,1.0,0.0,0.0,0.0,0.0,0.0,0.0,2.0,0.0,2.0
182,Montrezl Harrell,C,27.0,LAL,27.0,0.0,671.0,148.0,230.0,0.643,0.0,4.0,0.0,148.0,226.0,0.655,0.643,69.0,95.0,0.726,63.0,108.0,171.0,28.0,19.0,20.0,33.0,58.0,365.0
183,Gary Harris,SG,26.0,DEN,18.0,18.0,553.0,68.0,151.0,0.45,24.0,72.0,0.333,44.0,79.0,0.557,0.53,22.0,30.0,0.733,12.0,33.0,45.0,31.0,17.0,4.0,12.0,35.0,182.0
184,Jalen Harris,SG,22.0,TOR,2.0,0.0,4.0,0.0,0.0,,0.0,0.0,,0.0,0.0,,,0.0,0.0,,1.0,0.0,1.0,0.0,0.0,0.0,1.0,2.0,0.0
185,Joe Harris,SF,29.0,BRK,28.0,24.0,873.0,154.0,296.0,0.52,92.0,187.0,0.492,62.0,109.0,0.569,0.676,14.0,21.0,0.667,17.0,81.0,98.0,54.0,15.0,7.0,21.0,67.0,414.0
186,Tobias Harris,PF,28.0,PHI,24.0,24.0,822.0,185.0,359.0,0.515,42.0,101.0,0.416,143.0,258.0,0.554,0.574,69.0,77.0,0.896,30.0,146.0,176.0,74.0,18.0,20.0,53.0,50.0,481.0
187,Shaquille Harrison,SG,27.0,UTA,15.0,0.0,53.0,6.0,19.0,0.316,0.0,1.0,0.0,6.0,18.0,0.333,0.316,5.0,6.0,0.833,3.0,6.0,9.0,7.0,2.0,0.0,5.0,3.0,17.0
188,Josh Hart,SF,25.0,NOP,25.0,2.0,700.0,72.0,163.0,0.442,34.0,98.0,0.347,38.0,65.0,0.585,0.546,31.0,44.0,0.705,27.0,164.0,191.0,53.0,22.0,4.0,18.0,55.0,209.0
189,Isaiah Hartenstein,C,22.0,DEN,15.0,0.0,134.0,23.0,47.0,0.489,0.0,0.0,,23.0,47.0,0.489,0.489,14.0,24.0,0.583,24.0,23.0,47.0,9.0,6.0,12.0,14.0,33.0,60.0
190,Jaxson Hayes,C,20.0,NOP,19.0,1.0,232.0,33.0,52.0,0.635,0.0,0.0,,33.0,52.0,0.635,0.635,16.0,24.0,0.667,23.0,45.0,68.0,9.0,6.0,7.0,13.0,35.0,82.0
191,Killian Hayes,PG,19.0,DET,7.0,7.0,148.0,13.0,47.0,0.277,5.0,20.0,0.25,8.0,27.0,0.296,0.33,1.0,2.0,0.5,1.0,7.0,8.0,25.0,2.0,0.0,17.0,15.0,32.0
192,Gordon Hayward,SF,30.0,CHO,26.0,26.0,922.0,210.0,432.0,0.486,57.0,135.0,0.422,153.0,297.0,0.515,0.552,102.0,118.0,0.864,24.0,118.0,142.0,100.0,29.0,11.0,55.0,49.0,579.0
193,Juan Hernangómez,PF,25.0,MIN,12.0,6.0,232.0,28.0,71.0,0.394,13.0,41.0,0.317,15.0,30.0,0.5,0.486,9.0,14.0,0.643,13.0,49.0,62.0,7.0,5.0,2.0,5.0,11.0,78.0
194,Willy Hernangómez,C,26.0,NOP,10.0,0.0,157.0,26.0,46.0,0.565,0.0,4.0,0.0,26.0,42.0,0.619,0.565,11.0,19.0,0.579,21.0,34.0,55.0,14.0,5.0,5.0,3.0,9.0,63.0
195,Tyler Herro,SG,21.0,MIA,18.0,14.0,607.0,115.0,260.0,0.442,36.0,106.0,0.34,79.0,154.0,0.513,0.512,35.0,44.0,0.795,7.0,99.0,106.0,72.0,8.0,5.0,48.0,31.0,301.0
196,Buddy Hield,SG,28.0,SAC,25.0,25.0,874.0,135.0,359.0,0.376,99.0,264.0,0.375,36.0,95.0,0.379,0.514,37.0,43.0,0.86,8.0,113.0,121.0,76.0,23.0,9.0,47.0,71.0,406.0
197,George Hill,PG,34.0,OKC,14.0,14.0,369.0,61.0,120.0,0.508,22.0,57.0,0.386,39.0,63.0,0.619,0.6,21.0,25.0,0.84,8.0,21.0,29.0,43.0,12.0,2.0,12.0,12.0,165.0
198,Solomon Hill,PF,29.0,ATL,26.0,1.0,497.0,40.0,114.0,0.351,29.0,87.0,0.333,11.0,27.0,0.407,0.478,8.0,10.0,0.8,11.0,52.0,63.0,23.0,17.0,6.0,15.0,41.0,117.0
199,Nate Hinton,SG,21.0,DAL,6.0,0.0,19.0,3.0,13.0,0.231,1.0,5.0,0.2,2.0,8.0,0.25,0.269,1.0,2.0,0.5,0.0,0.0,0.0,0.0,1.0,1.0,2.0,1.0,8.0
200,Aaron Holiday,PG,24.0,IND,27.0,6.0,531.0,75.0,204.0,0.368,29.0,89.0,0.326,46.0,115.0,0.4,0.439,17.0,23.0,0.739,6.0,29.0,35.0,51.0,13.0,3.0,20.0,49.0,196.0
201,Jrue Holiday,PG,30.0,MIL,23.0,23.0,747.0,150.0,299.0,0.502,43.0,111.0,0.387,107.0,188.0,0.569,0.574,34.0,43.0,0.791,29.0,81.0,110.0,124.0,44.0,14.0,36.0,40.0,377.0
202,Justin Holiday,SG,31.0,IND,27.0,18.0,857.0,107.0,225.0,0.476,64.0,150.0,0.427,43.0,75.0,0.573,0.618,30.0,38.0,0.789,19.0,90.0,109.0,44.0,33.0,9.0,19.0,65.0,308.0
203,Richaun Holmes,C,27.0,SAC,24.0,24.0,717.0,130.0,201.0,0.647,1.0,5.0,0.2,129.0,196.0,0.658,0.649,45.0,57.0,0.789,61.0,130.0,191.0,44.0,17.0,40.0,36.0,100.0,306.0
204,Rodney Hood,SF,28.0,POR,22.0,5.0,417.0,46.0,125.0,0.368,14.0,45.0,0.311,32.0,80.0,0.4,0.424,3.0,5.0,0.6,4.0,34.0,38.0,28.0,15.0,2.0,17.0,33.0,109.0
205,Al Horford,C,34.0,OKC,17.0,17.0,477.0,99.0,220.0,0.45,38.0,94.0,0.404,61.0,126.0,0.484,0.536,11.0,14.0,0.786,16.0,103.0,119.0,57.0,18.0,16.0,22.0,30.0,247.0
206,Talen Horton-Tucker,SG,20.0,LAL,23.0,0.0,383.0,64.0,141.0,0.454,12.0,41.0,0.293,52.0,100.0,0.52,0.496,19.0,22.0,0.864,9.0,51.0,60.0,39.0,21.0,11.0,29.0,44.0,159.0
207,Danuel House,SF,27.0,HOU,15.0,5.0,417.0,43.0,125.0,0.344,21.0,77.0,0.273,22.0,48.0,0.458,0.428,19.0,25.0,0.76,7.0,48.0,55.0,32.0,12.0,8.0,11.0,28.0,126.0
208,Dwight Howard,C,35.0,PHI,27.0,4.0,445.0,56.0,100.0,0.56,3.0,7.0,0.429,53.0,93.0,0.57,0.575,38.0,76.0,0.5,70.0,135.0,205.0,19.0,12.0,24.0,49.0,83.0,153.0
209,Markus Howard,SG,21.0,DEN,12.0,0.0,37.0,6.0,25.0,0.24,3.0,18.0,0.167,3.0,7.0,0.429,0.3,0.0,0.0,,0.0,4.0,4.0,3.0,0.0,0.0,3.0,5.0,15.0
210,Kevin Huerter,SG,22.0,ATL,26.0,15.0,819.0,122.0,281.0,0.434,60.0,148.0,0.405,62.0,133.0,0.466,0.541,16.0,21.0,0.762,20.0,79.0,99.0,100.0,30.0,5.0,33.0,62.0,320.0
211,Elijah Hughes,SF,22.0,UTA,6.0,0.0,27.0,5.0,15.0,0.333,3.0,10.0,0.3,2.0,5.0,0.4,0.433,3.0,4.0,0.75,0.0,4.0,4.0,3.0,1.0,1.0,4.0,0.0,16.0
212,De'Andre Hunter,SF,23.0,ATL,18.0,18.0,579.0,108.0,210.0,0.514,30.0,82.0,0.366,78.0,128.0,0.609,0.586,64.0,73.0,0.877,16.0,81.0,97.0,40.0,17.0,9.0,25.0,47.0,310.0
213,Chandler Hutchison,SF,24.0,CHI,7.0,0.0,64.0,5.0,18.0,0.278,1.0,3.0,0.333,4.0,15.0,0.267,0.306,2.0,2.0,1.0,1.0,19.0,20.0,4.0,1.0,0.0,5.0,9.0,13.0
214,Serge Ibaka,C,31.0,LAC,26.0,26.0,632.0,122.0,236.0,0.517,27.0,69.0,0.391,95.0,167.0,0.569,0.574,32.0,39.0,0.821,50.0,121.0,171.0,44.0,6.0,34.0,33.0,50.0,303.0
215,Andre Iguodala,SF,37.0,MIA,24.0,2.0,511.0,36.0,101.0,0.356,25.0,80.0,0.313,11.0,21.0,0.524,0.48,5.0,11.0,0.455,12.0,78.0,90.0,57.0,26.0,11.0,26.0,35.0,102.0
216,Joe Ingles,SF,33.0,UTA,23.0,6.0,609.0,89.0,178.0,0.5,55.0,124.0,0.444,34.0,54.0,0.63,0.654,27.0,31.0,0.871,11.0,70.0,81.0,107.0,8.0,4.0,36.0,39.0,260.0
217,Brandon Ingram,SF,23.0,NOP,25.0,25.0,871.0,210.0,447.0,0.47,63.0,159.0,0.396,147.0,288.0,0.51,0.54,115.0,133.0,0.865,15.0,122.0,137.0,115.0,15.0,25.0,61.0,42.0,598.0
218,Kyrie Irving,PG,28.0,BRK,19.0,19.0,676.0,198.0,377.0,0.525,52.0,127.0,0.409,146.0,250.0,0.584,0.594,77.0,81.0,0.951,17.0,71.0,88.0,110.0,19.0,15.0,45.0,56.0,525.0
219,Wesley Iwundu,SF,26.0,DAL,17.0,3.0,232.0,13.0,46.0,0.283,3.0,23.0,0.13,10.0,23.0,0.435,0.315,8.0,10.0,0.8,5.0,28.0,33.0,8.0,7.0,2.0,4.0,20.0,37.0
220,Frank Jackson,PG,22.0,DET,7.0,0.0,39.0,4.0,16.0,0.25,3.0,10.0,0.3,1.0,6.0,0.167,0.344,0.0,0.0,,0.0,5.0,5.0,8.0,1.0,0.0,4.0,4.0,11.0
221,Josh Jackson,SG,23.0,DET,24.0,6.0,579.0,106.0,251.0,0.422,35.0,112.0,0.313,71.0,139.0,0.511,0.492,56.0,80.0,0.7,17.0,76.0,93.0,48.0,23.0,23.0,57.0,68.0,303.0
222,Justin Jackson,SF,25.0,OKC,15.0,1.0,264.0,41.0,92.0,0.446,14.0,49.0,0.286,27.0,43.0,0.628,0.522,13.0,16.0,0.813,6.0,32.0,38.0,24.0,6.0,0.0,12.0,19.0,109.0
223,Reggie Jackson,SG,30.0,LAC,24.0,11.0,475.0,75.0,171.0,0.439,31.0,81.0,0.383,44.0,90.0,0.489,0.529,21.0,29.0,0.724,6.0,56.0,62.0,72.0,14.0,3.0,22.0,41.0,202.0
224,Justin James,SF,24.0,SAC,8.0,0.0,50.0,6.0,15.0,0.4,0.0,4.0,0.0,6.0,11.0,0.545,0.4,1.0,7.0,0.143,2.0,5.0,7.0,3.0,1.0,1.0,0.0,1.0,13.0
225,LeBron James,PG,36.0,LAL,27.0,27.0,937.0,252.0,506.0,0.498,72.0,184.0,0.391,180.0,322.0,0.559,0.569,116.0,162.0,0.716,16.0,198.0,214.0,214.0,30.0,13.0,102.0,43.0,692.0
226,DaQuan Jeffries,SG,23.0,SAC,1.0,0.0,17.0,3.0,7.0,0.429,0.0,2.0,0.0,3.0,5.0,0.6,0.429,0.0,0.0,,1.0,0.0,1.0,1.0,0.0,1.0,1.0,0.0,6.0
227,Isaiah Joe,SG,21.0,PHI,14.0,1.0,198.0,26.0,64.0,0.406,20.0,50.0,0.4,6.0,14.0,0.429,0.563,5.0,5.0,1.0,4.0,14.0,18.0,14.0,4.0,4.0,5.0,20.0,77.0
228,Cameron Johnson,PF,24.0,PHO,25.0,9.0,648.0,99.0,224.0,0.442,57.0,155.0,0.368,42.0,69.0,0.609,0.569,25.0,29.0,0.862,17.0,75.0,92.0,38.0,17.0,7.0,20.0,34.0,280.0
229,James Johnson,PF,33.0,DAL,23.0,0.0,424.0,60.0,123.0,0.488,14.0,50.0,0.28,46.0,73.0,0.63,0.545,13.0,24.0,0.542,11.0,60.0,71.0,37.0,20.0,19.0,25.0,48.0,147.0
230,Keldon Johnson,SF,21.0,SAS,26.0,26.0,781.0,137.0,294.0,0.466,25.0,77.0,0.325,112.0,217.0,0.516,0.509,74.0,95.0,0.779,45.0,135.0,180.0,58.0,20.0,14.0,40.0,60.0,373.0
231,Stanley Johnson,PF,24.0,TOR,24.0,1.0,355.0,25.0,60.0,0.417,15.0,36.0,0.417,10.0,24.0,0.417,0.542,11.0,14.0,0.786,13.0,46.0,59.0,36.0,21.0,7.0,17.0,41.0,76.0
232,Tyler Johnson,SG,28.0,BRK,11.0,0.0,104.0,12.0,29.0,0.414,8.0,20.0,0.4,4.0,9.0,0.444,0.552,0.0,0.0,,2.0,8.0,10.0,9.0,4.0,0.0,4.0,5.0,32.0
233,Nikola Jokić,C,25.0,DEN,25.0,25.0,897.0,258.0,455.0,0.567,36.0,92.0,0.391,222.0,363.0,0.612,0.607,115.0,135.0,0.852,75.0,208.0,283.0,216.0,40.0,16.0,87.0,77.0,667.0
234,Damian Jones,C,25.0,PHO,10.0,0.0,76.0,4.0,10.0,0.4,0.0,1.0,0.0,4.0,9.0,0.444,0.4,5.0,9.0,0.556,6.0,9.0,15.0,0.0,1.0,5.0,5.0,18.0,13.0
235,Derrick Jones Jr.,SF,23.0,POR,21.0,20.0,556.0,56.0,122.0,0.459,15.0,54.0,0.278,41.0,68.0,0.603,0.52,24.0,41.0,0.585,38.0,57.0,95.0,13.0,18.0,17.0,15.0,54.0,151.0
236,Mason Jones,SG,22.0,HOU,16.0,1.0,179.0,32.0,64.0,0.5,17.0,36.0,0.472,15.0,28.0,0.536,0.633,12.0,23.0,0.522,3.0,30.0,33.0,22.0,4.0,0.0,18.0,16.0,93.0
237,Tre Jones,PG,21.0,SAS,9.0,0.0,27.0,6.0,12.0,0.5,1.0,1.0,1.0,5.0,11.0,0.455,0.542,5.0,5.0,1.0,4.0,0.0,4.0,1.0,0.0,0.0,2.0,2.0,18.0
238,Tyus Jones,PG,24.0,MEM,21.0,8.0,509.0,78.0,176.0,0.443,17.0,63.0,0.27,61.0,113.0,0.54,0.491,10.0,13.0,0.769,12.0,47.0,59.0,117.0,27.0,3.0,21.0,13.0,183.0
239,DeAndre Jordan,C,32.0,BRK,26.0,21.0,551.0,81.0,103.0,0.786,0.0,0.0,,81.0,103.0,0.786,0.786,20.0,38.0,0.526,42.0,140.0,182.0,46.0,9.0,36.0,45.0,56.0,182.0
240,Cory Joseph,PG,29.0,SAC,25.0,0.0,476.0,56.0,130.0,0.431,14.0,48.0,0.292,42.0,82.0,0.512,0.485,20.0,27.0,0.741,9.0,42.0,51.0,59.0,20.0,6.0,27.0,53.0,146.0
241,Mfiondu Kabengele,PF,23.0,LAC,15.0,0.0,60.0,5.0,19.0,0.263,2.0,11.0,0.182,3.0,8.0,0.375,0.316,3.0,4.0,0.75,1.0,8.0,9.0,3.0,2.0,2.0,4.0,12.0,15.0
242,Frank Kaminsky,C,27.0,PHO,19.0,5.0,296.0,50.0,108.0,0.463,15.0,36.0,0.417,35.0,72.0,0.486,0.532,14.0,23.0,0.609,18.0,63.0,81.0,40.0,4.0,10.0,10.0,32.0,129.0
243,Enes Kanter,C,28.0,POR,25.0,13.0,616.0,123.0,207.0,0.594,0.0,0.0,,123.0,207.0,0.594,0.594,42.0,54.0,0.778,104.0,173.0,277.0,29.0,14.0,21.0,31.0,63.0,288.0
244,Luke Kennard,SG,24.0,LAC,27.0,7.0,580.0,79.0,171.0,0.462,42.0,94.0,0.447,37.0,77.0,0.481,0.585,11.0,13.0,0.846,6.0,69.0,75.0,46.0,9.0,6.0,24.0,43.0,211.0
245,Maxi Kleber,PF,29.0,DAL,16.0,10.0,410.0,34.0,78.0,0.436,27.0,58.0,0.466,7.0,20.0,0.35,0.609,17.0,18.0,0.944,14.0,71.0,85.0,24.0,5.0,12.0,10.0,38.0,112.0
246,Nathan Knight,PF,23.0,ATL,9.0,0.0,54.0,9.0,22.0,0.409,3.0,9.0,0.333,6.0,13.0,0.462,0.477,7.0,8.0,0.875,8.0,6.0,14.0,1.0,2.0,3.0,4.0,7.0,28.0
247,Kevin Knox,SF,21.0,NYK,22.0,0.0,372.0,44.0,112.0,0.393,25.0,65.0,0.385,19.0,47.0,0.404,0.504,10.0,12.0,0.833,9.0,39.0,48.0,17.0,8.0,6.0,16.0,33.0,123.0
248,John Konchar,SG,24.0,MEM,13.0,0.0,217.0,21.0,46.0,0.457,6.0,16.0,0.375,15.0,30.0,0.5,0.522,11.0,12.0,0.917,16.0,42.0,58.0,18.0,14.0,5.0,6.0,20.0,59.0
249,Furkan Korkmaz,SG,23.0,PHI,16.0,1.0,315.0,47.0,119.0,0.395,23.0,69.0,0.333,24.0,50.0,0.48,0.492,14.0,16.0,0.875,4.0,37.0,41.0,11.0,11.0,2.0,14.0,19.0,131.0
250,Luke Kornet,PF,25.0,CHI,4.0,0.0,28.0,3.0,8.0,0.375,1.0,5.0,0.2,2.0,3.0,0.667,0.438,2.0,2.0,1.0,0.0,6.0,6.0,1.0,1.0,0.0,1.0,0.0,9.0
251,Rodions Kurucs,SF-PF,22.0,TOT,14.0,0.0,73.0,6.0,20.0,0.3,3.0,14.0,0.214,3.0,6.0,0.5,0.375,1.0,2.0,0.5,2.0,10.0,12.0,4.0,5.0,2.0,7.0,8.0,16.0
252,Kyle Kuzma,SF,25.0,LAL,27.0,6.0,671.0,114.0,258.0,0.442,46.0,127.0,0.362,68.0,131.0,0.519,0.531,14.0,22.0,0.636,49.0,114.0,163.0,31.0,9.0,18.0,33.0,43.0,288.0
253,Jeremy Lamb,SG,28.0,IND,14.0,8.0,348.0,55.0,108.0,0.509,27.0,53.0,0.509,28.0,55.0,0.509,0.634,32.0,34.0,0.941,12.0,44.0,56.0,23.0,13.0,8.0,12.0,30.0,169.0
254,Zach LaVine,SG,25.0,CHI,25.0,25.0,888.0,250.0,482.0,0.519,89.0,207.0,0.43,161.0,275.0,0.585,0.611,113.0,131.0,0.863,18.0,117.0,135.0,132.0,27.0,12.0,95.0,65.0,702.0
255,Jake Layman,SF,26.0,MIN,19.0,3.0,292.0,45.0,92.0,0.489,11.0,37.0,0.297,34.0,55.0,0.618,0.549,18.0,23.0,0.783,5.0,23.0,28.0,10.0,17.0,9.0,10.0,23.0,119.0
256,Jalen Lecque,PG,20.0,IND,3.0,0.0,9.0,1.0,4.0,0.25,0.0,1.0,0.0,1.0,3.0,0.333,0.25,3.0,3.0,1.0,1.0,3.0,4.0,2.0,0.0,0.0,0.0,0.0,5.0
257,Damion Lee,SG,28.0,GSW,27.0,0.0,516.0,58.0,128.0,0.453,40.0,101.0,0.396,18.0,27.0,0.667,0.609,18.0,20.0,0.9,12.0,78.0,90.0,41.0,16.0,2.0,10.0,44.0,174.0
258,Saben Lee,PG,21.0,DET,8.0,0.0,70.0,5.0,14.0,0.357,0.0,1.0,0.0,5.0,13.0,0.385,0.357,8.0,10.0,0.8,1.0,2.0,3.0,8.0,4.0,1.0,5.0,9.0,18.0
259,Alex Len,C,27.0,TOT,19.0,6.0,275.0,42.0,67.0,0.627,6.0,19.0,0.316,36.0,48.0,0.75,0.672,20.0,32.0,0.625,13.0,49.0,62.0,20.0,8.0,21.0,22.0,35.0,110.0
260,Kawhi Leonard,SF,29.0,LAC,23.0,23.0,792.0,224.0,437.0,0.513,44.0,113.0,0.389,180.0,324.0,0.556,0.563,123.0,140.0,0.879,19.0,116.0,135.0,115.0,41.0,14.0,42.0,34.0,615.0
261,Meyers Leonard,C,28.0,MIA,3.0,2.0,29.0,3.0,7.0,0.429,3.0,7.0,0.429,0.0,0.0,,0.643,1.0,2.0,0.5,0.0,7.0,7.0,2.0,0.0,0.0,2.0,5.0,10.0
262,Caris LeVert,SG,26.0,BRK,12.0,4.0,334.0,87.0,200.0,0.435,22.0,63.0,0.349,65.0,137.0,0.474,0.49,26.0,34.0,0.765,10.0,42.0,52.0,72.0,13.0,6.0,26.0,20.0,222.0
263,Kira Lewis Jr.,PG,19.0,NOP,14.0,0.0,167.0,27.0,66.0,0.409,7.0,18.0,0.389,20.0,48.0,0.417,0.462,13.0,18.0,0.722,1.0,11.0,12.0,20.0,5.0,1.0,6.0,15.0,74.0
264,Damian Lillard,PG,30.0,POR,24.0,24.0,858.0,211.0,473.0,0.446,95.0,251.0,0.378,116.0,222.0,0.523,0.547,180.0,191.0,0.942,10.0,95.0,105.0,172.0,25.0,6.0,73.0,33.0,697.0
265,Nassir Little,PF,20.0,POR,10.0,2.0,115.0,16.0,32.0,0.5,7.0,13.0,0.538,9.0,19.0,0.474,0.609,8.0,9.0,0.889,10.0,12.0,22.0,2.0,2.0,4.0,5.0,9.0,47.0
266,Kevon Looney,C,24.0,GSW,21.0,5.0,308.0,33.0,53.0,0.623,2.0,5.0,0.4,31.0,48.0,0.646,0.642,9.0,13.0,0.692,32.0,55.0,87.0,37.0,7.0,6.0,14.0,37.0,77.0
267,Brook Lopez,C,32.0,MIL,26.0,26.0,711.0,106.0,228.0,0.465,45.0,125.0,0.36,61.0,103.0,0.592,0.564,33.0,40.0,0.825,39.0,96.0,135.0,17.0,13.0,36.0,20.0,52.0,290.0
268,Robin Lopez,C,32.0,WAS,23.0,9.0,432.0,71.0,120.0,0.592,4.0,11.0,0.364,67.0,109.0,0.615,0.608,30.0,48.0,0.625,48.0,50.0,98.0,21.0,5.0,13.0,23.0,44.0,176.0
269,Kevin Love,PF,32.0,CLE,2.0,2.0,46.0,6.0,18.0,0.333,3.0,9.0,0.333,3.0,9.0,0.333,0.417,4.0,5.0,0.8,2.0,10.0,12.0,5.0,1.0,0.0,3.0,1.0,19.0
270,Kyle Lowry,PG,34.0,TOR,23.0,23.0,797.0,136.0,306.0,0.444,64.0,169.0,0.379,72.0,137.0,0.526,0.549,65.0,74.0,0.878,19.0,106.0,125.0,151.0,25.0,4.0,66.0,73.0,401.0
271,Timothé Luwawu-Cabarrot,SF,25.0,BRK,28.0,5.0,544.0,72.0,183.0,0.393,42.0,117.0,0.359,30.0,66.0,0.455,0.508,16.0,22.0,0.727,17.0,51.0,68.0,35.0,18.0,5.0,20.0,43.0,202.0
272,Trey Lyles,PF,25.0,SAS,14.0,2.0,165.0,18.0,36.0,0.5,4.0,15.0,0.267,14.0,21.0,0.667,0.556,9.0,15.0,0.6,7.0,36.0,43.0,7.0,0.0,0.0,0.0,5.0,49.0
273,Thon Maker,C,23.0,CLE,8.0,0.0,76.0,10.0,18.0,0.556,0.0,2.0,0.0,10.0,16.0,0.625,0.556,10.0,11.0,0.909,8.0,10.0,18.0,4.0,2.0,4.0,3.0,7.0,30.0
274,Théo Maledon,PG,19.0,OKC,21.0,6.0,476.0,58.0,146.0,0.397,30.0,82.0,0.366,28.0,64.0,0.438,0.5,12.0,19.0,0.632,5.0,50.0,55.0,60.0,20.0,1.0,38.0,45.0,158.0
275,Karim Mané,PG,20.0,ORL,6.0,0.0,56.0,1.0,9.0,0.111,1.0,2.0,0.5,0.0,7.0,0.0,0.167,4.0,4.0,1.0,0.0,10.0,10.0,1.0,0.0,1.0,3.0,3.0,7.0
276,Terance Mann,SG,24.0,LAC,24.0,2.0,320.0,34.0,76.0,0.447,5.0,20.0,0.25,29.0,56.0,0.518,0.48,12.0,16.0,0.75,21.0,52.0,73.0,24.0,13.0,5.0,15.0,35.0,85.0
277,Nico Mannion,PG,19.0,GSW,6.0,0.0,36.0,3.0,13.0,0.231,2.0,9.0,0.222,1.0,4.0,0.25,0.308,1.0,4.0,0.25,0.0,8.0,8.0,12.0,2.0,0.0,2.0,5.0,9.0
278,Boban Marjanović,C,32.0,DAL,15.0,0.0,108.0,28.0,54.0,0.519,0.0,3.0,0.0,28.0,51.0,0.549,0.519,9.0,13.0,0.692,20.0,30.0,50.0,1.0,0.0,0.0,3.0,12.0,65.0
279,Lauri Markkanen,PF,23.0,CHI,14.0,14.0,426.0,95.0,185.0,0.514,40.0,101.0,0.396,55.0,84.0,0.655,0.622,38.0,45.0,0.844,8.0,77.0,85.0,12.0,9.0,5.0,24.0,31.0,268.0
280,Naji Marshall,SF,23.0,NOP,3.0,0.0,8.0,0.0,2.0,0.0,0.0,1.0,0.0,0.0,1.0,0.0,0.0,1.0,2.0,0.5,0.0,2.0,2.0,1.0,0.0,0.0,0.0,0.0,1.0
281,Caleb Martin,SF,25.0,CHO,23.0,1.0,363.0,50.0,119.0,0.42,15.0,50.0,0.3,35.0,69.0,0.507,0.483,14.0,25.0,0.56,19.0,45.0,64.0,29.0,20.0,7.0,16.0,25.0,129.0
282,Cody Martin,SF,25.0,CHO,17.0,0.0,159.0,20.0,38.0,0.526,3.0,13.0,0.231,17.0,25.0,0.68,0.566,8.0,10.0,0.8,10.0,24.0,34.0,16.0,7.0,0.0,9.0,9.0,51.0
283,Kelan Martin,SF,25.0,IND,11.0,0.0,43.0,6.0,18.0,0.333,2.0,8.0,0.25,4.0,10.0,0.4,0.389,0.0,0.0,,1.0,10.0,11.0,0.0,2.0,0.0,4.0,4.0,14.0
284,Kenyon Martin Jr.,SF,20.0,HOU,7.0,0.0,69.0,10.0,27.0,0.37,1.0,4.0,0.25,9.0,23.0,0.391,0.389,2.0,5.0,0.4,8.0,11.0,19.0,4.0,2.0,5.0,5.0,9.0,23.0
285,Frank Mason III,G,26.0,ORL,4.0,1.0,79.0,9.0,24.0,0.375,2.0,5.0,0.4,7.0,19.0,0.368,0.417,5.0,7.0,0.714,3.0,9.0,12.0,12.0,0.0,0.0,5.0,7.0,25.0
286,Garrison Mathews,SG,24.0,WAS,17.0,1.0,273.0,34.0,85.0,0.4,26.0,66.0,0.394,8.0,19.0,0.421,0.553,35.0,38.0,0.921,8.0,18.0,26.0,9.0,15.0,3.0,2.0,25.0,129.0
287,Dakota Mathias,SG,25.0,PHI,8.0,2.0,123.0,19.0,48.0,0.396,8.0,26.0,0.308,11.0,22.0,0.5,0.479,2.0,6.0,0.333,1.0,6.0,7.0,13.0,1.0,3.0,1.0,7.0,48.0
288,Wesley Matthews,SG,34.0,LAL,20.0,1.0,409.0,35.0,86.0,0.407,27.0,70.0,0.386,8.0,16.0,0.5,0.564,12.0,15.0,0.8,7.0,17.0,24.0,22.0,10.0,7.0,6.0,29.0,109.0
289,Tyrese Maxey,SG,20.0,PHI,26.0,6.0,447.0,96.0,211.0,0.455,15.0,52.0,0.288,81.0,159.0,0.509,0.491,20.0,23.0,0.87,6.0,45.0,51.0,48.0,15.0,3.0,17.0,32.0,227.0
290,Skylar Mays,SG,23.0,ATL,8.0,0.0,41.0,7.0,18.0,0.389,4.0,9.0,0.444,3.0,9.0,0.333,0.5,4.0,4.0,1.0,1.0,2.0,3.0,4.0,1.0,0.0,1.0,3.0,22.0
291,CJ McCollum,SG,29.0,POR,13.0,13.0,440.0,123.0,260.0,0.473,63.0,143.0,0.441,60.0,117.0,0.513,0.594,38.0,45.0,0.844,7.0,44.0,51.0,65.0,17.0,4.0,13.0,28.0,347.0
292,T.J. McConnell,PG,28.0,IND,24.0,0.0,552.0,59.0,124.0,0.476,5.0,15.0,0.333,54.0,109.0,0.495,0.496,2.0,9.0,0.222,18.0,64.0,82.0,163.0,42.0,7.0,41.0,35.0,125.0
293,Jaden McDaniels,PF,20.0,MIN,20.0,0.0,357.0,41.0,103.0,0.398,20.0,54.0,0.37,21.0,49.0,0.429,0.495,5.0,13.0,0.385,15.0,55.0,70.0,20.0,7.0,19.0,16.0,52.0,107.0
294,Jalen McDaniels,SF,23.0,CHO,9.0,0.0,83.0,13.0,25.0,0.52,2.0,6.0,0.333,11.0,19.0,0.579,0.56,7.0,11.0,0.636,3.0,16.0,19.0,5.0,2.0,0.0,8.0,13.0,35.0
295,Doug McDermott,PF,29.0,IND,27.0,7.0,706.0,140.0,272.0,0.515,43.0,119.0,0.361,97.0,153.0,0.634,0.594,35.0,44.0,0.795,27.0,85.0,112.0,37.0,7.0,2.0,28.0,48.0,358.0
296,Sean McDermott,SF,24.0,MEM,3.0,0.0,42.0,2.0,7.0,0.286,1.0,5.0,0.2,1.0,2.0,0.5,0.357,2.0,2.0,1.0,2.0,1.0,3.0,3.0,0.0,0.0,3.0,1.0,7.0
297,JaVale McGee,C,33.0,CLE,18.0,1.0,280.0,55.0,121.0,0.455,5.0,15.0,0.333,50.0,106.0,0.472,0.475,24.0,40.0,0.6,31.0,67.0,98.0,19.0,9.0,23.0,20.0,41.0,139.0
298,Rodney McGruder,SG,29.0,DET,8.0,0.0,64.0,9.0,19.0,0.474,3.0,7.0,0.429,6.0,12.0,0.5,0.553,3.0,3.0,1.0,3.0,6.0,9.0,6.0,0.0,1.0,4.0,4.0,24.0
299,Alfonzo McKinnie,SF,28.0,LAL,13.0,0.0,40.0,9.0,15.0,0.6,3.0,5.0,0.6,6.0,10.0,0.6,0.7,2.0,2.0,1.0,4.0,6.0,10.0,1.0,1.0,0.0,1.0,3.0,23.0
300,Jordan McLaughlin,PG,24.0,MIN,14.0,0.0,254.0,30.0,73.0,0.411,6.0,19.0,0.316,24.0,54.0,0.444,0.452,5.0,7.0,0.714,8.0,21.0,29.0,64.0,11.0,2.0,15.0,11.0,71.0
301,Ben McLemore,SG,27.0,HOU,18.0,2.0,263.0,35.0,94.0,0.372,26.0,70.0,0.371,9.0,24.0,0.375,0.511,13.0,16.0,0.813,6.0,30.0,36.0,19.0,7.0,1.0,19.0,21.0,109.0
302,Nicolò Melli,PF,30.0,NOP,12.0,0.0,135.0,7.0,27.0,0.259,5.0,21.0,0.238,2.0,6.0,0.333,0.352,4.0,5.0,0.8,2.0,25.0,27.0,11.0,6.0,1.0,6.0,16.0,23.0
303,De'Anthony Melton,PG,22.0,MEM,12.0,0.0,258.0,48.0,100.0,0.48,19.0,43.0,0.442,29.0,57.0,0.509,0.575,5.0,8.0,0.625,4.0,32.0,36.0,38.0,11.0,12.0,17.0,25.0,120.0
304,Sam Merrill,SG,24.0,MIL,9.0,0.0,55.0,4.0,10.0,0.4,4.0,8.0,0.5,0.0,2.0,0.0,0.6,2.0,2.0,1.0,3.0,7.0,10.0,10.0,1.0,0.0,3.0,3.0,14.0
305,Chimezie Metu,C,23.0,SAC,10.0,0.0,64.0,13.0,28.0,0.464,1.0,3.0,0.333,12.0,25.0,0.48,0.482,6.0,9.0,0.667,11.0,12.0,23.0,5.0,3.0,6.0,5.0,10.0,33.0
306,Khris Middleton,SF,29.0,MIL,26.0,26.0,851.0,195.0,380.0,0.513,65.0,144.0,0.451,130.0,236.0,0.551,0.599,80.0,89.0,0.899,20.0,133.0,153.0,160.0,26.0,3.0,61.0,69.0,535.0
307,Darius Miller,SF,30.0,OKC,9.0,0.0,87.0,8.0,20.0,0.4,7.0,18.0,0.389,1.0,2.0,0.5,0.575,3.0,3.0,1.0,1.0,13.0,14.0,7.0,4.0,2.0,2.0,7.0,26.0
308,Patty Mills,PG,32.0,SAS,26.0,0.0,661.0,123.0,272.0,0.452,68.0,167.0,0.407,55.0,105.0,0.524,0.577,33.0,35.0,0.943,7.0,42.0,49.0,71.0,17.0,1.0,23.0,37.0,347.0
309,Paul Millsap,PF,35.0,DEN,25.0,25.0,605.0,95.0,184.0,0.516,30.0,75.0,0.4,65.0,109.0,0.596,0.598,41.0,58.0,0.707,41.0,88.0,129.0,41.0,21.0,13.0,26.0,54.0,261.0
310,Shake Milton,SG,24.0,PHI,22.0,1.0,536.0,108.0,239.0,0.452,22.0,72.0,0.306,86.0,167.0,0.515,0.498,70.0,80.0,0.875,12.0,30.0,42.0,66.0,16.0,4.0,34.0,49.0,308.0
311,Donovan Mitchell,SG,24.0,UTA,25.0,25.0,839.0,206.0,478.0,0.431,87.0,219.0,0.397,119.0,259.0,0.459,0.522,106.0,126.0,0.841,24.0,84.0,108.0,127.0,20.0,9.0,75.0,56.0,605.0
312,Adam Mokoka,SG,22.0,CHI,7.0,0.0,42.0,5.0,14.0,0.357,1.0,8.0,0.125,4.0,6.0,0.667,0.393,0.0,0.0,,1.0,3.0,4.0,4.0,2.0,1.0,2.0,5.0,11.0
313,Malik Monk,SG,22.0,CHO,14.0,0.0,284.0,47.0,107.0,0.439,28.0,60.0,0.467,19.0,47.0,0.404,0.57,13.0,15.0,0.867,5.0,26.0,31.0,25.0,4.0,2.0,15.0,16.0,135.0
314,E'Twaun Moore,SG,31.0,PHO,12.0,1.0,206.0,31.0,68.0,0.456,4.0,17.0,0.235,27.0,51.0,0.529,0.485,4.0,6.0,0.667,5.0,12.0,17.0,20.0,11.0,1.0,12.0,18.0,70.0
315,Ja Morant,PG,21.0,MEM,13.0,13.0,386.0,86.0,190.0,0.453,12.0,43.0,0.279,74.0,147.0,0.503,0.484,57.0,71.0,0.803,9.0,21.0,30.0,102.0,13.0,4.0,38.0,20.0,241.0
316,Juwan Morgan,PF,23.0,UTA,11.0,0.0,62.0,6.0,13.0,0.462,3.0,9.0,0.333,3.0,4.0,0.75,0.577,0.0,3.0,0.0,3.0,10.0,13.0,3.0,3.0,0.0,2.0,10.0,15.0
317,Marcus Morris,PF,31.0,LAC,18.0,0.0,440.0,73.0,167.0,0.437,42.0,89.0,0.472,31.0,78.0,0.397,0.563,26.0,28.0,0.929,12.0,55.0,67.0,15.0,10.0,4.0,17.0,26.0,214.0
318,Markieff Morris,PF,31.0,LAL,21.0,2.0,325.0,33.0,83.0,0.398,17.0,55.0,0.309,16.0,28.0,0.571,0.5,13.0,18.0,0.722,14.0,61.0,75.0,18.0,2.0,6.0,11.0,32.0,96.0
319,Monte Morris,PG,25.0,DEN,25.0,2.0,652.0,105.0,212.0,0.495,31.0,82.0,0.378,74.0,130.0,0.569,0.568,33.0,44.0,0.75,6.0,45.0,51.0,85.0,17.0,6.0,16.0,19.0,274.0
320,Mychal Mulder,PG,26.0,GSW,26.0,0.0,272.0,34.0,71.0,0.479,27.0,62.0,0.435,7.0,9.0,0.778,0.669,7.0,11.0,0.636,1.0,25.0,26.0,11.0,6.0,6.0,5.0,24.0,102.0
321,Dejounte Murray,PG,24.0,SAS,26.0,26.0,789.0,157.0,352.0,0.446,28.0,84.0,0.333,129.0,268.0,0.481,0.486,41.0,52.0,0.788,16.0,166.0,182.0,130.0,40.0,2.0,45.0,58.0,383.0
322,Jamal Murray,PG,23.0,DEN,23.0,23.0,801.0,158.0,358.0,0.441,46.0,137.0,0.336,112.0,221.0,0.507,0.506,58.0,74.0,0.784,15.0,76.0,91.0,102.0,25.0,6.0,46.0,50.0,420.0
323,Mike Muscala,C,29.0,OKC,23.0,0.0,433.0,74.0,175.0,0.423,44.0,121.0,0.364,30.0,54.0,0.556,0.549,25.0,27.0,0.926,13.0,72.0,85.0,21.0,7.0,7.0,16.0,32.0,217.0
324,Sviatoslav Mykhailiuk,SF,23.0,DET,25.0,0.0,373.0,50.0,135.0,0.37,33.0,105.0,0.314,17.0,30.0,0.567,0.493,21.0,24.0,0.875,6.0,38.0,44.0,30.0,15.0,3.0,15.0,22.0,154.0
325,Abdel Nader,SF,27.0,PHO,10.0,0.0,161.0,27.0,57.0,0.474,9.0,23.0,0.391,18.0,34.0,0.529,0.553,14.0,18.0,0.778,0.0,27.0,27.0,11.0,3.0,1.0,8.0,12.0,77.0
326,Larry Nance Jr.,PF,28.0,CLE,19.0,18.0,635.0,70.0,145.0,0.483,24.0,63.0,0.381,46.0,82.0,0.561,0.566,12.0,21.0,0.571,27.0,102.0,129.0,61.0,37.0,10.0,28.0,41.0,176.0
327,Aaron Nesmith,SF,21.0,BOS,10.0,0.0,117.0,12.0,37.0,0.324,9.0,29.0,0.31,3.0,8.0,0.375,0.446,0.0,0.0,,3.0,12.0,15.0,5.0,0.0,2.0,7.0,16.0,33.0
328,Raul Neto,PG,28.0,WAS,18.0,6.0,324.0,56.0,124.0,0.452,20.0,53.0,0.377,36.0,71.0,0.507,0.532,7.0,11.0,0.636,8.0,30.0,38.0,33.0,18.0,2.0,12.0,24.0,139.0
329,Georges Niang,PF,27.0,UTA,27.0,0.0,343.0,49.0,123.0,0.398,27.0,82.0,0.329,22.0,41.0,0.537,0.508,3.0,3.0,1.0,9.0,51.0,60.0,21.0,10.0,3.0,18.0,41.0,128.0
330,Zeke Nnaji,PF,20.0,DEN,12.0,0.0,48.0,9.0,18.0,0.5,5.0,10.0,0.5,4.0,8.0,0.5,0.639,0.0,0.0,,3.0,3.0,6.0,0.0,0.0,1.0,0.0,4.0,23.0
331,Nerlens Noel,C,26.0,NYK,23.0,1.0,418.0,38.0,68.0,0.559,0.0,2.0,0.0,38.0,66.0,0.576,0.559,12.0,20.0,0.6,35.0,85.0,120.0,9.0,20.0,45.0,23.0,47.0,88.0
332,Jaylen Nowell,SG,21.0,MIN,12.0,0.0,207.0,47.0,103.0,0.456,16.0,44.0,0.364,31.0,59.0,0.525,0.534,16.0,21.0,0.762,7.0,17.0,24.0,9.0,4.0,3.0,9.0,18.0,126.0
333,Frank Ntilikina,PG,22.0,NYK,4.0,0.0,42.0,6.0,14.0,0.429,5.0,9.0,0.556,1.0,5.0,0.2,0.607,1.0,3.0,0.333,1.0,3.0,4.0,3.0,3.0,0.0,2.0,7.0,18.0
334,Kendrick Nunn,PG,25.0,MIA,18.0,6.0,505.0,98.0,206.0,0.476,33.0,96.0,0.344,65.0,110.0,0.591,0.556,19.0,22.0,0.864,9.0,52.0,61.0,42.0,22.0,4.0,39.0,31.0,248.0
335,Jusuf Nurkić,C,26.0,POR,12.0,12.0,280.0,50.0,103.0,0.485,3.0,12.0,0.25,47.0,91.0,0.516,0.5,15.0,27.0,0.556,23.0,69.0,92.0,33.0,11.0,11.0,23.0,33.0,118.0
336,David Nwaba,SF,28.0,HOU,22.0,8.0,495.0,71.0,151.0,0.47,13.0,48.0,0.271,58.0,103.0,0.563,0.513,29.0,43.0,0.674,24.0,43.0,67.0,24.0,23.0,15.0,13.0,44.0,184.0
337,Jordan Nwora,SF,22.0,MIL,10.0,0.0,82.0,17.0,37.0,0.459,8.0,16.0,0.5,9.0,21.0,0.429,0.568,9.0,10.0,0.9,1.0,14.0,15.0,0.0,4.0,2.0,10.0,9.0,51.0
338,Royce O'Neale,SF,27.0,UTA,27.0,27.0,875.0,70.0,154.0,0.455,46.0,107.0,0.43,24.0,47.0,0.511,0.604,20.0,24.0,0.833,28.0,155.0,183.0,62.0,19.0,19.0,31.0,77.0,206.0
339,Semi Ojeleye,PF,26.0,BOS,24.0,3.0,446.0,46.0,106.0,0.434,28.0,72.0,0.389,18.0,34.0,0.529,0.566,18.0,25.0,0.72,16.0,58.0,74.0,22.0,6.0,0.0,11.0,26.0,138.0
340,Jahlil Okafor,C,25.0,DET,12.0,0.0,120.0,25.0,42.0,0.595,0.0,3.0,0.0,25.0,39.0,0.641,0.595,1.0,2.0,0.5,13.0,14.0,27.0,3.0,2.0,2.0,4.0,10.0,51.0
341,Chuma Okeke,PF,22.0,ORL,11.0,0.0,237.0,17.0,46.0,0.37,7.0,22.0,0.318,10.0,24.0,0.417,0.446,3.0,6.0,0.5,15.0,24.0,39.0,26.0,9.0,3.0,9.0,12.0,44.0
342,Josh Okogie,SG,22.0,MIN,20.0,18.0,429.0,36.0,102.0,0.353,8.0,41.0,0.195,28.0,61.0,0.459,0.392,25.0,34.0,0.735,19.0,36.0,55.0,24.0,17.0,14.0,15.0,38.0,105.0
343,Onyeka Okongwu,C,20.0,ATL,8.0,1.0,89.0,10.0,19.0,0.526,0.0,0.0,,10.0,19.0,0.526,0.526,7.0,12.0,0.583,6.0,18.0,24.0,4.0,4.0,6.0,5.0,15.0,27.0
344,Isaac Okoro,SG,20.0,CLE,22.0,22.0,736.0,61.0,153.0,0.399,16.0,58.0,0.276,45.0,95.0,0.474,0.451,29.0,43.0,0.674,19.0,31.0,50.0,40.0,24.0,8.0,27.0,61.0,167.0
345,KZ Okpala,PF,21.0,MIA,14.0,5.0,168.0,12.0,31.0,0.387,7.0,19.0,0.368,5.0,12.0,0.417,0.5,2.0,6.0,0.333,4.0,16.0,20.0,6.0,3.0,2.0,8.0,19.0,33.0
346,Victor Oladipo,SG,28.0,TOT,20.0,20.0,640.0,140.0,349.0,0.401,48.0,146.0,0.329,92.0,203.0,0.453,0.47,54.0,73.0,0.74,4.0,100.0,104.0,92.0,27.0,8.0,44.0,48.0,382.0
347,Kelly Olynyk,C,29.0,MIA,25.0,20.0,666.0,94.0,216.0,0.435,57.0,160.0,0.356,37.0,56.0,0.661,0.567,12.0,18.0,0.667,25.0,125.0,150.0,51.0,19.0,18.0,33.0,64.0,257.0
348,Miye Oni,SG,23.0,UTA,21.0,0.0,159.0,7.0,27.0,0.259,7.0,23.0,0.304,0.0,4.0,0.0,0.389,5.0,6.0,0.833,10.0,28.0,38.0,6.0,2.0,4.0,7.0,23.0,26.0
349,Cedi Osman,SF,25.0,CLE,27.0,12.0,707.0,108.0,288.0,0.375,54.0,160.0,0.338,54.0,128.0,0.422,0.469,26.0,34.0,0.765,18.0,66.0,84.0,70.0,23.0,3.0,28.0,57.0,296.0
350,Daniel Oturu,C,21.0,LAC,10.0,0.0,42.0,9.0,15.0,0.6,0.0,1.0,0.0,9.0,14.0,0.643,0.6,2.0,2.0,1.0,5.0,9.0,14.0,4.0,0.0,3.0,2.0,6.0,20.0
351,Kelly Oubre Jr.,SF,25.0,GSW,27.0,27.0,784.0,136.0,339.0,0.401,43.0,145.0,0.297,93.0,194.0,0.479,0.465,61.0,80.0,0.763,38.0,122.0,160.0,38.0,27.0,22.0,38.0,63.0,376.0
352,Eric Paschall,PF,24.0,GSW,24.0,2.0,409.0,92.0,185.0,0.497,12.0,34.0,0.353,80.0,151.0,0.53,0.53,40.0,55.0,0.727,21.0,52.0,73.0,29.0,4.0,2.0,16.0,41.0,236.0
353,Anžejs Pasečņiks,C,25.0,WAS,1.0,0.0,6.0,0.0,1.0,0.0,0.0,1.0,0.0,0.0,0.0,,0.0,0.0,0.0,,1.0,0.0,1.0,1.0,0.0,0.0,5.0,2.0,0.0
354,Patrick Patterson,PF,31.0,LAC,8.0,1.0,107.0,13.0,29.0,0.448,9.0,23.0,0.391,4.0,6.0,0.667,0.603,3.0,4.0,0.75,3.0,10.0,13.0,4.0,3.0,1.0,6.0,11.0,38.0
355,Chris Paul,PG,35.0,PHO,24.0,24.0,779.0,153.0,319.0,0.48,32.0,92.0,0.348,121.0,227.0,0.533,0.53,68.0,70.0,0.971,14.0,98.0,112.0,197.0,29.0,7.0,59.0,67.0,406.0
356,Cameron Payne,PG,26.0,PHO,14.0,0.0,242.0,35.0,76.0,0.461,11.0,30.0,0.367,24.0,46.0,0.522,0.533,9.0,9.0,1.0,2.0,26.0,28.0,52.0,9.0,3.0,18.0,28.0,90.0
357,Elfrid Payton,PG,26.0,NYK,28.0,28.0,784.0,145.0,331.0,0.438,14.0,54.0,0.259,131.0,277.0,0.473,0.459,38.0,54.0,0.704,35.0,70.0,105.0,101.0,18.0,6.0,54.0,55.0,342.0
358,Norvel Pelle,F-C,27.0,BRK,3.0,0.0,28.0,3.0,7.0,0.429,0.0,0.0,,3.0,7.0,0.429,0.429,0.0,0.0,,3.0,4.0,7.0,0.0,0.0,3.0,3.0,9.0,6.0
359,Reggie Perry,PF,20.0,BRK,14.0,0.0,147.0,21.0,51.0,0.412,2.0,12.0,0.167,19.0,39.0,0.487,0.431,6.0,9.0,0.667,17.0,34.0,51.0,12.0,2.0,5.0,11.0,27.0,50.0
360,Theo Pinson,SG,25.0,NYK,9.0,0.0,21.0,1.0,7.0,0.143,0.0,6.0,0.0,1.0,1.0,1.0,0.143,0.0,0.0,,0.0,1.0,1.0,0.0,0.0,0.0,0.0,3.0,2.0
361,Mason Plumlee,C,30.0,DET,24.0,24.0,663.0,96.0,162.0,0.593,0.0,5.0,0.0,96.0,157.0,0.611,0.593,45.0,63.0,0.714,73.0,139.0,212.0,76.0,24.0,17.0,51.0,84.0,237.0
362,Jakob Poeltl,C,25.0,SAS,26.0,8.0,564.0,77.0,125.0,0.616,0.0,0.0,,77.0,125.0,0.616,0.616,10.0,36.0,0.278,74.0,104.0,178.0,44.0,15.0,37.0,28.0,52.0,164.0
363,Vincent Poirier,C,27.0,PHI,4.0,0.0,18.0,1.0,3.0,0.333,0.0,0.0,,1.0,3.0,0.333,0.333,2.0,4.0,0.5,2.0,2.0,4.0,1.0,0.0,2.0,1.0,1.0,4.0
364,Aleksej Pokusevski,PF,19.0,OKC,17.0,0.0,296.0,23.0,93.0,0.247,10.0,56.0,0.179,13.0,37.0,0.351,0.301,0.0,0.0,,5.0,55.0,60.0,21.0,8.0,19.0,22.0,16.0,56.0
365,Jordan Poole,SG,21.0,GSW,15.0,0.0,143.0,26.0,61.0,0.426,13.0,39.0,0.333,13.0,22.0,0.591,0.533,18.0,19.0,0.947,2.0,16.0,18.0,13.0,3.0,2.0,8.0,14.0,83.0
366,Michael Porter Jr.,SF,22.0,DEN,15.0,8.0,402.0,84.0,164.0,0.512,35.0,83.0,0.422,49.0,81.0,0.605,0.619,21.0,26.0,0.808,19.0,74.0,93.0,14.0,17.0,17.0,16.0,30.0,224.0
367,Otto Porter,SF,27.0,CHI,16.0,6.0,372.0,64.0,144.0,0.444,28.0,70.0,0.4,36.0,74.0,0.486,0.542,30.0,36.0,0.833,20.0,80.0,100.0,32.0,9.0,3.0,15.0,25.0,186.0
368,Bobby Portis,C,25.0,MIL,26.0,1.0,558.0,124.0,227.0,0.546,26.0,56.0,0.464,98.0,171.0,0.573,0.604,18.0,27.0,0.667,52.0,140.0,192.0,29.0,21.0,11.0,19.0,50.0,292.0
369,Kristaps Porziņģis,C,25.0,DAL,16.0,16.0,478.0,127.0,270.0,0.47,38.0,105.0,0.362,89.0,165.0,0.539,0.541,39.0,47.0,0.83,33.0,99.0,132.0,22.0,5.0,25.0,20.0,51.0,331.0
370,Dwight Powell,C,29.0,DAL,17.0,6.0,277.0,24.0,47.0,0.511,1.0,7.0,0.143,23.0,40.0,0.575,0.521,31.0,45.0,0.689,20.0,41.0,61.0,16.0,13.0,6.0,11.0,41.0,80.0
371,Norman Powell,SG,27.0,TOR,24.0,13.0,665.0,131.0,289.0,0.453,56.0,132.0,0.424,75.0,157.0,0.478,0.55,72.0,82.0,0.878,10.0,57.0,67.0,34.0,27.0,4.0,32.0,49.0,390.0
372,Taurean Prince,PF,26.0,TOT,26.0,9.0,573.0,76.0,188.0,0.404,38.0,93.0,0.409,38.0,95.0,0.4,0.505,45.0,53.0,0.849,11.0,84.0,95.0,45.0,19.0,19.0,30.0,49.0,235.0
373,Payton Pritchard,SG,23.0,BOS,19.0,1.0,409.0,56.0,116.0,0.483,30.0,67.0,0.448,26.0,49.0,0.531,0.612,11.0,12.0,0.917,9.0,39.0,48.0,42.0,13.0,5.0,25.0,36.0,153.0
374,Immanuel Quickley,PG,21.0,NYK,24.0,0.0,462.0,96.0,233.0,0.412,40.0,108.0,0.37,56.0,125.0,0.448,0.498,65.0,69.0,0.942,10.0,47.0,57.0,63.0,10.0,8.0,24.0,52.0,297.0
375,Jahmi'us Ramsey,SG,19.0,SAC,4.0,0.0,16.0,2.0,4.0,0.5,1.0,3.0,0.333,1.0,1.0,1.0,0.625,0.0,0.0,,0.0,4.0,4.0,1.0,0.0,1.0,1.0,0.0,5.0
376,Julius Randle,PF,26.0,NYK,28.0,28.0,1024.0,218.0,465.0,0.469,45.0,115.0,0.391,173.0,350.0,0.494,0.517,145.0,180.0,0.806,41.0,269.0,310.0,158.0,22.0,6.0,90.0,90.0,626.0
377,Cam Reddish,SF,21.0,ATL,22.0,17.0,622.0,82.0,222.0,0.369,28.0,107.0,0.262,54.0,115.0,0.47,0.432,54.0,69.0,0.783,16.0,67.0,83.0,29.0,25.0,6.0,29.0,59.0,246.0
378,J.J. Redick,SG,36.0,NOP,22.0,0.0,410.0,55.0,150.0,0.367,37.0,103.0,0.359,18.0,47.0,0.383,0.49,30.0,30.0,1.0,2.0,31.0,33.0,25.0,6.0,2.0,16.0,27.0,177.0
379,Paul Reed,PF,21.0,PHI,5.0,0.0,55.0,9.0,22.0,0.409,0.0,3.0,0.0,9.0,19.0,0.474,0.409,0.0,0.0,,7.0,3.0,10.0,3.0,1.0,4.0,5.0,4.0,18.0
380,Naz Reid,C,21.0,MIN,24.0,13.0,534.0,118.0,224.0,0.527,26.0,67.0,0.388,92.0,157.0,0.586,0.585,45.0,61.0,0.738,34.0,86.0,120.0,31.0,16.0,30.0,29.0,76.0,307.0
381,Nick Richards,PF,23.0,CHO,8.0,0.0,23.0,3.0,6.0,0.5,0.0,0.0,,3.0,6.0,0.5,0.5,5.0,6.0,0.833,2.0,4.0,6.0,0.0,0.0,0.0,1.0,4.0,11.0
382,Josh Richardson,SG,27.0,DAL,18.0,18.0,576.0,80.0,189.0,0.423,29.0,95.0,0.305,51.0,94.0,0.543,0.5,42.0,45.0,0.933,18.0,35.0,53.0,48.0,15.0,4.0,23.0,53.0,231.0
383,Austin Rivers,SG,28.0,NYK,21.0,2.0,442.0,58.0,135.0,0.43,28.0,77.0,0.364,30.0,58.0,0.517,0.533,10.0,14.0,0.714,5.0,42.0,47.0,42.0,12.0,0.0,22.0,32.0,154.0
384,Duncan Robinson,SF,26.0,MIA,26.0,26.0,856.0,103.0,247.0,0.417,85.0,213.0,0.399,18.0,34.0,0.529,0.589,35.0,41.0,0.854,1.0,97.0,98.0,42.0,10.0,7.0,39.0,56.0,326.0
385,Glenn Robinson III,SF,27.0,SAC,20.0,1.0,318.0,38.0,89.0,0.427,16.0,41.0,0.39,22.0,48.0,0.458,0.517,16.0,18.0,0.889,6.0,28.0,34.0,18.0,3.0,3.0,9.0,21.0,108.0
386,Jerome Robinson,SG,23.0,WAS,12.0,3.0,220.0,22.0,67.0,0.328,9.0,31.0,0.29,13.0,36.0,0.361,0.396,15.0,17.0,0.882,2.0,31.0,33.0,18.0,6.0,2.0,11.0,21.0,68.0
387,Mitchell Robinson,C,22.0,NYK,27.0,27.0,778.0,103.0,156.0,0.66,0.0,0.0,,103.0,156.0,0.66,0.66,22.0,46.0,0.478,97.0,129.0,226.0,14.0,32.0,41.0,22.0,78.0,228.0
388,Isaiah Roby,PF,22.0,OKC,19.0,8.0,380.0,64.0,119.0,0.538,9.0,30.0,0.3,55.0,89.0,0.618,0.576,24.0,34.0,0.706,29.0,60.0,89.0,26.0,12.0,13.0,20.0,43.0,161.0
389,Rajon Rondo,PG,34.0,ATL,14.0,2.0,214.0,19.0,55.0,0.345,8.0,26.0,0.308,11.0,29.0,0.379,0.418,1.0,2.0,0.5,4.0,28.0,32.0,54.0,9.0,1.0,19.0,13.0,47.0
390,Derrick Rose,PG,32.0,TOT,18.0,0.0,405.0,96.0,215.0,0.447,16.0,46.0,0.348,80.0,169.0,0.473,0.484,49.0,59.0,0.831,6.0,28.0,34.0,75.0,23.0,5.0,34.0,17.0,257.0
391,Terrence Ross,SG,29.0,ORL,26.0,0.0,740.0,135.0,333.0,0.405,47.0,143.0,0.329,88.0,190.0,0.463,0.476,59.0,66.0,0.894,7.0,71.0,78.0,51.0,25.0,12.0,45.0,51.0,376.0
392,Terry Rozier,SG,26.0,CHO,25.0,25.0,826.0,180.0,367.0,0.49,86.0,191.0,0.45,94.0,176.0,0.534,0.608,56.0,71.0,0.789,12.0,87.0,99.0,75.0,31.0,11.0,41.0,49.0,502.0
393,Ricky Rubio,PG,30.0,MIN,24.0,9.0,585.0,50.0,143.0,0.35,8.0,41.0,0.195,42.0,102.0,0.412,0.378,37.0,44.0,0.841,9.0,74.0,83.0,150.0,33.0,0.0,53.0,54.0,145.0
394,D'Angelo Russell,PG,24.0,MIN,20.0,19.0,583.0,139.0,326.0,0.426,59.0,148.0,0.399,80.0,178.0,0.449,0.517,48.0,64.0,0.75,9.0,43.0,52.0,101.0,22.0,10.0,54.0,39.0,385.0
395,Domantas Sabonis,PF,24.0,IND,27.0,27.0,966.0,217.0,409.0,0.531,28.0,77.0,0.364,189.0,332.0,0.569,0.565,100.0,144.0,0.694,77.0,233.0,310.0,151.0,25.0,14.0,87.0,94.0,562.0
396,Luka Šamanić,PF,21.0,SAS,4.0,0.0,11.0,2.0,6.0,0.333,2.0,3.0,0.667,0.0,3.0,0.0,0.5,1.0,2.0,0.5,0.0,0.0,0.0,0.0,0.0,0.0,0.0,0.0,7.0
397,JaKarr Sampson,PF,27.0,IND,12.0,0.0,76.0,11.0,25.0,0.44,0.0,3.0,0.0,11.0,22.0,0.5,0.44,8.0,10.0,0.8,7.0,19.0,26.0,0.0,1.0,3.0,3.0,8.0,30.0
398,Dario Šarić,PF,26.0,PHO,8.0,0.0,151.0,31.0,68.0,0.456,11.0,32.0,0.344,20.0,36.0,0.556,0.537,16.0,17.0,0.941,4.0,30.0,34.0,11.0,8.0,2.0,12.0,18.0,89.0
399,Tomáš Satoranský,SG,29.0,CHI,14.0,0.0,272.0,29.0,57.0,0.509,9.0,22.0,0.409,20.0,35.0,0.571,0.588,18.0,20.0,0.9,4.0,33.0,37.0,69.0,9.0,3.0,23.0,17.0,85.0
400,Dennis Schröder,SG,27.0,LAL,27.0,27.0,842.0,135.0,308.0,0.438,26.0,86.0,0.302,109.0,222.0,0.491,0.481,85.0,103.0,0.825,17.0,86.0,103.0,118.0,23.0,4.0,58.0,72.0,381.0
401,Mike Scott,PF,32.0,PHI,9.0,2.0,165.0,14.0,44.0,0.318,9.0,36.0,0.25,5.0,8.0,0.625,0.42,2.0,3.0,0.667,4.0,20.0,24.0,1.0,3.0,2.0,3.0,12.0,39.0
402,Collin Sexton,SG,22.0,CLE,22.0,22.0,770.0,185.0,381.0,0.486,34.0,80.0,0.425,151.0,301.0,0.502,0.53,97.0,119.0,0.815,13.0,42.0,55.0,95.0,22.0,4.0,55.0,62.0,501.0
403,Landry Shamet,SG,23.0,BRK,24.0,0.0,438.0,51.0,143.0,0.357,35.0,105.0,0.333,16.0,38.0,0.421,0.479,29.0,33.0,0.879,5.0,30.0,35.0,30.0,11.0,3.0,19.0,32.0,166.0
404,Pascal Siakam,PF,26.0,TOR,23.0,23.0,820.0,177.0,378.0,0.468,28.0,93.0,0.301,149.0,285.0,0.523,0.505,92.0,117.0,0.786,49.0,124.0,173.0,101.0,26.0,14.0,51.0,72.0,474.0
405,Chris Silva,PF,24.0,MIA,6.0,0.0,53.0,6.0,9.0,0.667,1.0,1.0,1.0,5.0,8.0,0.625,0.722,10.0,12.0,0.833,7.0,11.0,18.0,6.0,1.0,2.0,8.0,14.0,23.0
406,Ben Simmons,PG,24.0,PHI,24.0,24.0,797.0,131.0,234.0,0.56,1.0,6.0,0.167,130.0,228.0,0.57,0.562,76.0,119.0,0.639,37.0,161.0,198.0,189.0,41.0,19.0,80.0,78.0,339.0
407,Anfernee Simons,SG,21.0,POR,22.0,0.0,380.0,65.0,164.0,0.396,45.0,113.0,0.398,20.0,51.0,0.392,0.534,17.0,20.0,0.85,5.0,46.0,51.0,26.0,5.0,5.0,15.0,33.0,192.0
408,Deividas Sirvydis,SG,20.0,DET,4.0,0.0,5.0,0.0,2.0,0.0,0.0,2.0,0.0,0.0,0.0,,0.0,0.0,0.0,,0.0,0.0,0.0,1.0,0.0,0.0,0.0,0.0,0.0
409,Marcus Smart,PG,26.0,BOS,17.0,17.0,549.0,74.0,188.0,0.394,28.0,90.0,0.311,46.0,98.0,0.469,0.468,46.0,62.0,0.742,7.0,40.0,47.0,103.0,31.0,9.0,30.0,39.0,222.0
410,Dennis Smith Jr.,PG,23.0,TOT,5.0,0.0,57.0,4.0,18.0,0.222,0.0,6.0,0.0,4.0,12.0,0.333,0.222,5.0,6.0,0.833,1.0,5.0,6.0,8.0,3.0,0.0,4.0,5.0,13.0
411,Ish Smith,PG,32.0,WAS,19.0,1.0,391.0,44.0,116.0,0.379,5.0,20.0,0.25,39.0,96.0,0.406,0.401,6.0,15.0,0.4,10.0,56.0,66.0,90.0,15.0,4.0,19.0,18.0,99.0
412,Jalen Smith,PF,20.0,PHO,8.0,0.0,50.0,6.0,17.0,0.353,2.0,7.0,0.286,4.0,10.0,0.4,0.412,0.0,2.0,0.0,5.0,5.0,10.0,2.0,0.0,2.0,1.0,3.0,14.0
413,Tony Snell,SG,29.0,ATL,14.0,0.0,176.0,15.0,37.0,0.405,14.0,27.0,0.519,1.0,10.0,0.1,0.595,0.0,0.0,,6.0,17.0,23.0,14.0,1.0,2.0,6.0,14.0,44.0
414,Ray Spalding,F,23.0,HOU,1.0,0.0,9.0,1.0,2.0,0.5,0.0,0.0,,1.0,2.0,0.5,0.5,0.0,2.0,0.0,1.0,1.0,2.0,0.0,0.0,1.0,1.0,1.0,2.0
415,Cassius Stanley,SG,21.0,IND,8.0,0.0,23.0,2.0,7.0,0.286,1.0,2.0,0.5,1.0,5.0,0.2,0.357,4.0,5.0,0.8,2.0,1.0,3.0,0.0,0.0,2.0,1.0,7.0,9.0
416,Lamar Stevens,PF,23.0,CLE,16.0,0.0,229.0,26.0,69.0,0.377,1.0,14.0,0.071,25.0,55.0,0.455,0.384,16.0,24.0,0.667,6.0,37.0,43.0,13.0,8.0,4.0,8.0,16.0,69.0
417,Isaiah Stewart,C,19.0,DET,24.0,2.0,434.0,56.0,104.0,0.538,1.0,3.0,0.333,55.0,101.0,0.545,0.543,19.0,28.0,0.679,62.0,66.0,128.0,16.0,12.0,21.0,17.0,64.0,132.0
418,Max Strus,SF,24.0,MIA,15.0,0.0,226.0,40.0,75.0,0.533,26.0,60.0,0.433,14.0,15.0,0.933,0.707,7.0,9.0,0.778,1.0,16.0,17.0,8.0,2.0,0.0,3.0,18.0,113.0
419,Edmond Sumner,SG,25.0,IND,15.0,4.0,138.0,23.0,47.0,0.489,5.0,16.0,0.313,18.0,31.0,0.581,0.543,8.0,12.0,0.667,5.0,15.0,20.0,8.0,8.0,1.0,10.0,14.0,59.0
420,Jae'Sean Tate,SF,25.0,HOU,26.0,16.0,690.0,97.0,181.0,0.536,16.0,52.0,0.308,81.0,129.0,0.628,0.58,29.0,40.0,0.725,40.0,90.0,130.0,42.0,20.0,17.0,31.0,76.0,239.0
421,Jayson Tatum,SF,22.0,BOS,20.0,20.0,719.0,195.0,426.0,0.458,59.0,143.0,0.413,136.0,283.0,0.481,0.527,83.0,94.0,0.883,10.0,131.0,141.0,90.0,25.0,9.0,47.0,35.0,532.0
422,Jeff Teague,PG,32.0,BOS,22.0,3.0,388.0,42.0,128.0,0.328,16.0,37.0,0.432,26.0,91.0,0.286,0.391,27.0,30.0,0.9,6.0,29.0,35.0,46.0,21.0,3.0,22.0,21.0,127.0
423,Garrett Temple,SG,34.0,CHI,24.0,3.0,642.0,74.0,180.0,0.411,37.0,105.0,0.352,37.0,75.0,0.493,0.514,20.0,25.0,0.8,12.0,61.0,73.0,50.0,26.0,10.0,26.0,56.0,205.0
424,Tyrell Terry,PG,20.0,DAL,11.0,0.0,56.0,5.0,16.0,0.313,0.0,7.0,0.0,5.0,9.0,0.556,0.313,1.0,3.0,0.333,0.0,6.0,6.0,6.0,5.0,0.0,2.0,2.0,11.0
425,Daniel Theis,C,28.0,BOS,25.0,20.0,602.0,95.0,163.0,0.583,23.0,55.0,0.418,72.0,108.0,0.667,0.653,26.0,39.0,0.667,34.0,97.0,131.0,34.0,15.0,26.0,26.0,71.0,239.0
426,Brodric Thomas,SG,24.0,HOU,4.0,0.0,24.0,2.0,7.0,0.286,1.0,6.0,0.167,1.0,1.0,1.0,0.357,5.0,7.0,0.714,1.0,3.0,4.0,4.0,1.0,1.0,4.0,5.0,10.0
427,Matt Thomas,SG,26.0,TOR,13.0,0.0,78.0,11.0,27.0,0.407,9.0,20.0,0.45,2.0,7.0,0.286,0.574,4.0,4.0,1.0,1.0,7.0,8.0,6.0,2.0,0.0,4.0,5.0,35.0
428,Tristan Thompson,PF,29.0,BOS,23.0,19.0,512.0,64.0,131.0,0.489,0.0,1.0,0.0,64.0,130.0,0.492,0.489,28.0,46.0,0.609,65.0,124.0,189.0,21.0,6.0,9.0,21.0,50.0,156.0
429,Sindarius Thornwell,SG,26.0,NOP,9.0,1.0,48.0,4.0,11.0,0.364,2.0,5.0,0.4,2.0,6.0,0.333,0.455,0.0,2.0,0.0,1.0,2.0,3.0,2.0,4.0,0.0,1.0,3.0,10.0
430,Matisse Thybulle,SG,23.0,PHI,24.0,0.0,410.0,28.0,78.0,0.359,13.0,49.0,0.265,15.0,29.0,0.517,0.442,6.0,12.0,0.5,7.0,25.0,32.0,17.0,35.0,19.0,7.0,46.0,75.0
431,Xavier Tillman Sr.,PF,22.0,MEM,16.0,6.0,342.0,55.0,103.0,0.534,6.0,20.0,0.3,49.0,83.0,0.59,0.563,11.0,14.0,0.786,21.0,54.0,75.0,26.0,15.0,12.0,10.0,41.0,127.0
432,Obi Toppin,PF,22.0,NYK,18.0,0.0,217.0,38.0,79.0,0.481,9.0,34.0,0.265,29.0,45.0,0.644,0.538,7.0,10.0,0.7,5.0,41.0,46.0,9.0,3.0,8.0,10.0,16.0,92.0
433,Juan Toscano-Anderson,SG,27.0,GSW,14.0,8.0,299.0,37.0,69.0,0.536,10.0,24.0,0.417,27.0,45.0,0.6,0.609,6.0,10.0,0.6,11.0,58.0,69.0,28.0,7.0,9.0,15.0,30.0,90.0
434,Karl-Anthony Towns,C,25.0,MIN,6.0,6.0,194.0,46.0,96.0,0.479,13.0,31.0,0.419,33.0,65.0,0.508,0.547,26.0,27.0,0.963,20.0,48.0,68.0,22.0,5.0,12.0,14.0,16.0,131.0
435,Gary Trent Jr.,SG,22.0,POR,23.0,10.0,678.0,122.0,282.0,0.433,73.0,162.0,0.451,49.0,120.0,0.408,0.562,23.0,30.0,0.767,13.0,38.0,51.0,31.0,15.0,4.0,15.0,33.0,340.0
436,P.J. Tucker,PF,35.0,HOU,26.0,26.0,780.0,42.0,112.0,0.375,24.0,73.0,0.329,18.0,39.0,0.462,0.482,14.0,17.0,0.824,26.0,94.0,120.0,36.0,22.0,14.0,27.0,79.0,122.0
437,Myles Turner,C,24.0,IND,25.0,25.0,776.0,121.0,236.0,0.513,38.0,112.0,0.339,83.0,124.0,0.669,0.593,58.0,77.0,0.753,32.0,137.0,169.0,25.0,28.0,84.0,35.0,90.0,338.0
438,Jonas Valančiūnas,C,28.0,MEM,16.0,15.0,440.0,99.0,175.0,0.566,7.0,19.0,0.368,92.0,156.0,0.59,0.586,52.0,67.0,0.776,51.0,124.0,175.0,34.0,12.0,14.0,38.0,54.0,257.0
439,Denzel Valentine,SG,27.0,CHI,21.0,3.0,403.0,69.0,168.0,0.411,39.0,101.0,0.386,30.0,67.0,0.448,0.527,4.0,4.0,1.0,7.0,71.0,78.0,36.0,17.0,1.0,12.0,25.0,181.0
440,Jarred Vanderbilt,PF,21.0,MIN,24.0,7.0,446.0,61.0,100.0,0.61,1.0,2.0,0.5,60.0,98.0,0.612,0.615,22.0,47.0,0.468,40.0,98.0,138.0,43.0,26.0,16.0,24.0,48.0,145.0
441,Fred VanVleet,SG,26.0,TOR,26.0,26.0,943.0,174.0,422.0,0.412,83.0,220.0,0.377,91.0,202.0,0.45,0.511,85.0,94.0,0.904,19.0,92.0,111.0,172.0,46.0,19.0,53.0,57.0,516.0
442,Devin Vassell,SF,20.0,SAS,25.0,1.0,444.0,50.0,125.0,0.4,25.0,62.0,0.403,25.0,63.0,0.397,0.5,18.0,21.0,0.857,16.0,66.0,82.0,27.0,28.0,9.0,12.0,31.0,143.0
443,Gabe Vincent,PG,24.0,MIA,17.0,5.0,281.0,40.0,113.0,0.354,17.0,70.0,0.243,23.0,43.0,0.535,0.429,15.0,17.0,0.882,3.0,18.0,21.0,26.0,7.0,1.0,18.0,34.0,112.0
444,Noah Vonleh,F,25.0,BRK,3.0,0.0,8.0,0.0,2.0,0.0,0.0,1.0,0.0,0.0,1.0,0.0,0.0,0.0,0.0,,0.0,1.0,1.0,1.0,0.0,0.0,2.0,2.0,0.0
445,Nikola Vučević,C,30.0,ORL,27.0,27.0,908.0,259.0,531.0,0.488,74.0,170.0,0.435,185.0,361.0,0.512,0.557,57.0,70.0,0.814,58.0,252.0,310.0,95.0,29.0,15.0,45.0,48.0,649.0
446,Dean Wade,PF,24.0,CLE,21.0,0.0,175.0,15.0,43.0,0.349,10.0,29.0,0.345,5.0,14.0,0.357,0.465,2.0,2.0,1.0,4.0,18.0,22.0,9.0,5.0,2.0,9.0,15.0,42.0
447,Moritz Wagner,C,23.0,WAS,11.0,0.0,141.0,22.0,36.0,0.611,4.0,12.0,0.333,18.0,24.0,0.75,0.667,12.0,18.0,0.667,4.0,32.0,36.0,10.0,3.0,2.0,3.0,28.0,60.0
448,Kemba Walker,PG,30.0,BOS,11.0,11.0,304.0,57.0,164.0,0.348,27.0,80.0,0.338,30.0,84.0,0.357,0.43,30.0,33.0,0.909,7.0,33.0,40.0,46.0,12.0,2.0,21.0,16.0,171.0
449,Lonnie Walker,SG,22.0,SAS,24.0,22.0,647.0,96.0,242.0,0.397,38.0,107.0,0.355,58.0,135.0,0.43,0.475,28.0,35.0,0.8,5.0,67.0,72.0,40.0,12.0,9.0,26.0,53.0,258.0
450,John Wall,PG,30.0,HOU,17.0,17.0,520.0,120.0,270.0,0.444,36.0,96.0,0.375,84.0,174.0,0.483,0.511,55.0,75.0,0.733,9.0,55.0,64.0,101.0,16.0,11.0,54.0,22.0,331.0
451,Brad Wanamaker,PG,31.0,GSW,27.0,0.0,436.0,37.0,110.0,0.336,10.0,43.0,0.233,27.0,67.0,0.403,0.382,32.0,37.0,0.865,6.0,40.0,46.0,70.0,22.0,3.0,23.0,39.0,116.0
452,T.J. Warren,SF,27.0,IND,4.0,4.0,117.0,27.0,51.0,0.529,0.0,7.0,0.0,27.0,44.0,0.614,0.529,8.0,10.0,0.8,2.0,12.0,14.0,5.0,2.0,0.0,4.0,16.0,62.0
453,P.J. Washington,PF,22.0,CHO,24.0,24.0,691.0,97.0,231.0,0.42,26.0,79.0,0.329,71.0,152.0,0.467,0.476,48.0,65.0,0.738,40.0,117.0,157.0,73.0,22.0,31.0,49.0,65.0,268.0
454,Yuta Watanabe,SF,26.0,TOR,18.0,0.0,223.0,18.0,51.0,0.353,12.0,28.0,0.429,6.0,23.0,0.261,0.471,8.0,8.0,1.0,16.0,43.0,59.0,7.0,9.0,11.0,8.0,19.0,56.0
455,Tremont Waters,PG,23.0,BOS,8.0,1.0,85.0,6.0,25.0,0.24,3.0,11.0,0.273,3.0,14.0,0.214,0.3,5.0,6.0,0.833,2.0,6.0,8.0,23.0,5.0,0.0,13.0,6.0,20.0
456,Paul Watson,SF,26.0,TOR,13.0,0.0,42.0,9.0,14.0,0.643,8.0,11.0,0.727,1.0,3.0,0.333,0.929,0.0,0.0,,1.0,8.0,9.0,2.0,0.0,2.0,1.0,7.0,26.0
457,Quinndary Weatherspoon,SG,24.0,SAS,5.0,0.0,24.0,1.0,5.0,0.2,0.0,1.0,0.0,1.0,4.0,0.25,0.2,2.0,2.0,1.0,0.0,2.0,2.0,3.0,1.0,0.0,6.0,7.0,4.0
458,Russell Westbrook,PG,32.0,WAS,16.0,16.0,529.0,119.0,284.0,0.419,23.0,71.0,0.324,96.0,213.0,0.451,0.46,57.0,87.0,0.655,25.0,119.0,144.0,143.0,13.0,6.0,78.0,45.0,318.0
459,Coby White,PG,20.0,CHI,25.0,25.0,836.0,140.0,344.0,0.407,62.0,171.0,0.363,78.0,173.0,0.451,0.497,47.0,54.0,0.87,9.0,106.0,115.0,134.0,10.0,3.0,60.0,61.0,389.0
460,Derrick White,SG,26.0,SAS,7.0,3.0,162.0,25.0,71.0,0.352,11.0,36.0,0.306,14.0,35.0,0.4,0.43,8.0,10.0,0.8,1.0,11.0,12.0,27.0,4.0,8.0,7.0,15.0,69.0
461,Hassan Whiteside,C,31.0,SAC,18.0,0.0,257.0,57.0,96.0,0.594,0.0,1.0,0.0,57.0,95.0,0.6,0.594,25.0,48.0,0.521,25.0,67.0,92.0,8.0,5.0,20.0,16.0,30.0,139.0
462,Andrew Wiggins,PF,25.0,GSW,27.0,27.0,866.0,182.0,388.0,0.469,50.0,137.0,0.365,132.0,251.0,0.526,0.534,61.0,93.0,0.656,26.0,100.0,126.0,59.0,18.0,37.0,42.0,65.0,475.0
463,Grant Williams,PF,22.0,BOS,22.0,6.0,428.0,44.0,95.0,0.463,22.0,50.0,0.44,22.0,45.0,0.489,0.579,15.0,29.0,0.517,23.0,47.0,70.0,19.0,11.0,10.0,20.0,66.0,125.0
464,Kenrich Williams,PF,26.0,OKC,25.0,4.0,434.0,59.0,110.0,0.536,14.0,31.0,0.452,45.0,79.0,0.57,0.6,10.0,16.0,0.625,37.0,56.0,93.0,39.0,18.0,5.0,19.0,40.0,142.0
465,Lou Williams,PG,34.0,LAC,25.0,0.0,523.0,99.0,231.0,0.429,26.0,66.0,0.394,73.0,165.0,0.442,0.485,58.0,67.0,0.866,10.0,47.0,57.0,84.0,21.0,3.0,34.0,25.0,282.0
466,Patrick Williams,PF,19.0,CHI,24.0,24.0,664.0,89.0,194.0,0.459,21.0,54.0,0.389,68.0,140.0,0.486,0.513,41.0,52.0,0.788,20.0,85.0,105.0,25.0,18.0,16.0,36.0,56.0,240.0
467,Robert Williams,C,23.0,BOS,18.0,0.0,268.0,47.0,65.0,0.723,0.0,1.0,0.0,47.0,64.0,0.734,0.723,13.0,17.0,0.765,40.0,58.0,98.0,12.0,16.0,21.0,20.0,27.0,107.0
468,Zion Williamson,PF,20.0,NOP,24.0,24.0,782.0,225.0,367.0,0.613,4.0,13.0,0.308,221.0,354.0,0.624,0.619,129.0,184.0,0.701,59.0,103.0,162.0,70.0,24.0,17.0,57.0,64.0,583.0
469,D.J. Wilson,PF,24.0,MIL,10.0,0.0,94.0,14.0,37.0,0.378,8.0,23.0,0.348,6.0,14.0,0.429,0.486,1.0,2.0,0.5,3.0,19.0,22.0,3.0,1.0,3.0,4.0,12.0,37.0
470,Dylan Windler,SF,24.0,CLE,14.0,0.0,238.0,29.0,61.0,0.475,12.0,40.0,0.3,17.0,21.0,0.81,0.574,15.0,17.0,0.882,11.0,43.0,54.0,14.0,9.0,7.0,15.0,16.0,85.0
471,Cassius Winston,PG,22.0,WAS,6.0,0.0,44.0,4.0,10.0,0.4,3.0,7.0,0.429,1.0,3.0,0.333,0.55,2.0,2.0,1.0,0.0,4.0,4.0,6.0,0.0,1.0,1.0,4.0,13.0
472,James Wiseman,C,19.0,GSW,20.0,16.0,419.0,98.0,195.0,0.503,9.0,22.0,0.409,89.0,173.0,0.514,0.526,38.0,61.0,0.623,30.0,92.0,122.0,14.0,8.0,26.0,32.0,63.0,243.0
473,Christian Wood,C,25.0,HOU,17.0,17.0,530.0,149.0,267.0,0.558,32.0,76.0,0.421,117.0,191.0,0.613,0.618,44.0,64.0,0.688,31.0,143.0,174.0,22.0,16.0,26.0,31.0,32.0,374.0
474,Robert Woodard,SF,21.0,SAC,6.0,0.0,17.0,6.0,11.0,0.545,1.0,3.0,0.333,5.0,8.0,0.625,0.591,0.0,2.0,0.0,3.0,5.0,8.0,0.0,0.0,0.0,1.0,0.0,13.0
475,Delon Wright,SG,28.0,DET,26.0,21.0,748.0,93.0,212.0,0.439,23.0,65.0,0.354,70.0,147.0,0.476,0.493,56.0,73.0,0.767,30.0,89.0,119.0,127.0,37.0,15.0,31.0,28.0,265.0
476,Thaddeus Young,PF,32.0,CHI,21.0,0.0,538.0,108.0,183.0,0.59,5.0,20.0,0.25,103.0,163.0,0.632,0.604,15.0,29.0,0.517,47.0,66.0,113.0,90.0,28.0,10.0,41.0,57.0,236.0
477,Trae Young,PG,22.0,ATL,24.0,24.0,826.0,177.0,420.0,0.421,54.0,147.0,0.367,123.0,273.0,0.451,0.486,217.0,245.0,0.886,18.0,76.0,94.0,225.0,17.0,7.0,99.0,50.0,625.0
478,Cody Zeller,C,28.0,CHO,14.0,11.0,339.0,58.0,113.0,0.513,3.0,16.0,0.188,55.0,97.0,0.567,0.527,22.0,29.0,0.759,37.0,71.0,108.0,35.0,10.0,8.0,13.0,36.0,141.0
479,Ivica Zubac,C,23.0,LAC,27.0,1.0,521.0,81.0,123.0,0.659,0.0,1.0,0.0,81.0,122.0,0.664,0.659,53.0,63.0,0.841,61.0,115.0,176.0,28.0,10.0,24.0,28.0,68.0,215.0
