,Player,G,MP,FG,FGA,3P,FT,FTA,ORB,DRB,TRB,AST,STL,BLK,TOV,PF,PTS,FT%,FG%,d_FG%,d_FT%
0,Precious Achiuwa,15.0,365.0,48.0,129.0,0.26666666666666666,15.0,27.0,31.0,95.0,8.4,1.6,0.5333333333333333,0.6666666666666666,1.0666666666666667,32.0,7.666666666666667,55.55555555555556,37.2093023255814,-330.3492904226075,-288.04224675946335
1,Steven Adams,17.0,428.0,46.0,92.0,0.0,32.0,46.0,64.0,76.0,8.235294117647058,2.823529411764706,0.8823529411764706,0.7647058823529411,1.4705882352941178,31.0,7.294117647058823,69.56521739130434,50.0,271.78735636825684,-166.18094767622733
2,Bam Adebayo,15.0,487.0,104.0,205.0,0.0,78.0,95.0,40.0,118.0,10.533333333333333,2.8,1.2,0.4,2.8666666666666667,48.0,19.066666666666666,82.10526315789474,50.73170731707317,690.573323199495,573.0575098332467
3,Santi Aldama,7.0,47.0,8.0,23.0,0.14285714285714285,2.0,3.0,5.0,8.0,1.8571428571428572,0.7142857142857143,0.0,0.0,0.0,3.0,2.7142857142857144,66.66666666666667,34.78260869565217,-74.47176410986839,-16.183410679039554
4,LaMarcus Aldridge,17.0,364.0,97.0,168.0,0.5294117647058824,25.0,32.0,27.0,71.0,5.764705882352941,0.8823529411764706,0.29411764705882354,1.1764705882352942,0.7058823529411765,30.0,13.411764705882353,78.125,57.73809523809524,1323.7120547848235,84.16569984533879
5,Nickeil Alexander-Walker,19.0,573.0,102.0,271.0,2.0526315789473686,34.0,44.0,24.0,62.0,4.526315789473684,2.526315789473684,1.0526315789473684,0.42105263157894735,1.5789473684210527,34.0,14.578947368421053,77.27272727272727,37.638376383763834,-658.2266882134325,85.48807906238781
6,Grayson Allen,18.0,525.0,91.0,201.0,3.4444444444444446,26.0,29.0,11.0,62.0,4.055555555555555,1.3333333333333333,0.6666666666666666,0.2777777777777778,0.6666666666666666,30.0,15.0,89.65517241379311,45.27363184079602,107.56678945833735,387.3168105977732
7,Jarrett Allen,15.0,490.0,91.0,136.0,0.06666666666666667,36.0,60.0,49.0,119.0,11.2,1.7333333333333334,1.1333333333333333,0.9333333333333333,2.0,26.0,14.6,60.0,66.91176470588235,2076.636880181193,-531.3013922227121
8,Jose Alvarado,4.0,22.0,3.0,9.0,0.25,0.0,0.0,1.0,1.0,0.5,0.25,0.5,0.0,0.0,1.0,1.75,,33.333333333333336,-32.274737628157155,
9,Kyle Anderson,17.0,376.0,56.0,127.0,0.9411764705882353,13.0,17.0,19.0,72.0,5.352941176470588,2.5294117647058822,0.8823529411764706,0.47058823529411764,0.9411764705882353,27.0,8.294117647058824,76.47058823529412,44.09448818897638,0.1629028570768014,22.25881097839968
10,Giannis Antetokounmpo,17.0,555.0,159.0,318.0,1.2352941176470589,118.0,172.0,30.0,173.0,11.941176470588236,6.0,1.1764705882352942,1.8823529411764706,3.176470588235294,54.0,26.88235294117647,68.6046511627907,50.0,939.4389057076704,-726.1390595206981
11,Thanasis Antetokounmpo,15.0,224.0,25.0,54.0,0.0,10.0,17.0,19.0,36.0,3.6666666666666665,0.9333333333333333,0.6,0.13333333333333333,0.6666666666666666,31.0,4.0,58.8235294117647,46.2962962962963,55.117927172764425,-159.34842594421747
12,Carmelo Anthony,19.0,547.0,98.0,215.0,2.8947368421052633,35.0,43.0,11.0,64.0,3.9473684210526314,0.7894736842105263,0.7368421052631579,0.7894736842105263,0.8421052631578947,47.0,15.052631578947368,81.3953488372093,45.58139534883721,146.00198166624617,232.29418908579973
13,Cole Anthony,16.0,545.0,107.0,257.0,2.8125,55.0,64.0,9.0,99.0,6.75,5.875,1.125,0.25,2.9375,41.0,19.625,85.9375,41.63424124513619,-262.9351621747,614.8520396597453
14,OG Anunoby,15.0,560.0,114.0,265.0,2.7333333333333334,33.0,40.0,24.0,57.0,5.4,2.7333333333333334,1.5333333333333334,0.6,1.6666666666666667,41.0,20.133333333333333,82.5,43.0188679245283,-122.28908647374581,255.4737237958472
15,D.J. Augustin,15.0,185.0,17.0,44.0,0.8,14.0,15.0,2.0,7.0,0.6,1.8666666666666667,0.2,0.0,1.0666666666666667,9.0,4.0,93.33333333333333,38.63636363636363,-92.73866474137549,260.04945858005635
16,Deni Avdija,17.0,371.0,36.0,84.0,0.7058823529411765,20.0,31.0,16.0,78.0,5.529411764705882,1.3529411764705883,0.5882352941176471,0.8823529411764706,0.6470588235294118,32.0,6.117647058823529,64.51612903225806,42.857142857142854,-44.439708680743195,-204.84485947856768
17,Joel Ayayi,3.0,6.0,0.0,0.0,0.0,0.0,0.0,0.0,1.0,0.3333333333333333,0.6666666666666666,0.0,0.0,0.0,0.0,0.0,,,,
18,Deandre Ayton,11.0,331.0,80.0,127.0,0.09090909090909091,15.0,25.0,38.0,94.0,12.0,1.4545454545454546,1.0,0.7272727272727273,1.5454545454545454,30.0,16.0,60.0,62.99212598425197,1512.0437419893,-221.37558009279672
19,Udoka Azubuike,4.0,8.0,1.0,1.0,0.0,0.0,0.0,1.0,3.0,1.0,0.0,0.0,0.0,0.25,0.0,0.5,,100.0,55.90842079061428,
20,Marvin Bagley III,5.0,68.0,8.0,24.0,0.2,2.0,5.0,5.0,18.0,4.6,0.4,0.0,0.2,0.6,4.0,3.8,40.0,33.333333333333336,-86.06596700841908,-69.5167440123729
21,LaMelo Ball,19.0,631.0,139.0,333.0,2.789473684210526,45.0,50.0,28.0,124.0,8.0,7.684210526315789,2.0526315789473686,0.42105263157894735,3.1578947368421053,57.0,19.789473684210527,90.0,41.74174174174174,-326.62740800251316,685.8732597216099
22,Lonzo Ball,18.0,627.0,80.0,199.0,2.8333333333333335,5.0,6.0,16.0,77.0,5.166666666666667,4.5,1.7222222222222223,0.7222222222222222,2.1666666666666665,42.0,12.0,83.33333333333333,40.20100502512563,-311.2459347408071,42.8748066357344
23,Mo Bamba,18.0,538.0,76.0,168.0,1.3333333333333333,17.0,24.0,46.0,117.0,9.055555555555555,1.8888888888888888,1.0,2.1666666666666665,1.3888888888888888,51.0,10.722222222222221,70.83333333333333,45.23809523809524,87.13521818192353,-66.72565743850303
24,Desmond Bane,17.0,491.0,102.0,220.0,2.411764705882353,20.0,22.0,10.0,57.0,3.9411764705882355,2.0588235294117645,0.7647058823529411,0.29411764705882354,1.3529411764705883,41.0,15.588235294117647,90.9090909090909,46.36363636363637,231.74982973356592,323.01437805808916
25,Dalano Banton,18.0,237.0,35.0,70.0,0.2777777777777778,18.0,24.0,9.0,31.0,2.2222222222222223,1.3888888888888888,0.5,0.2777777777777778,1.1111111111111112,28.0,5.166666666666667,75.0,50.0,206.79472767149977,4.349303888643931
26,Harrison Barnes,18.0,636.0,106.0,223.0,2.0,100.0,116.0,26.0,107.0,7.388888888888889,2.5,1.0555555555555556,0.16666666666666666,2.111111111111111,27.0,19.333333333333332,86.20689655172414,47.53363228699551,364.85762622663793,1144.8524545537693
27,Scottie Barnes,16.0,558.0,97.0,202.0,0.25,36.0,50.0,47.0,87.0,8.375,3.3125,1.0625,0.5625,2.0625,42.0,14.625,72.0,48.01980198019802,381.03760876879284,-99.30139222271214
28,RJ Barrett,18.0,585.0,97.0,248.0,1.7777777777777777,40.0,56.0,11.0,99.0,6.111111111111111,2.388888888888889,0.4444444444444444,0.3333333333333333,1.8888888888888888,41.0,14.777777777777779,71.42857142857143,39.11290322580645,-482.9315704071894,-133.1920231046007
29,Will Barton,16.0,532.0,102.0,221.0,2.4375,17.0,25.0,10.0,72.0,5.125,4.3125,1.0,0.5,1.75,19.0,16.25,68.0,46.15384615384615,210.35122833496413,-114.89232410516962
30,Charles Bassey,9.0,73.0,12.0,18.0,0.0,5.0,7.0,10.0,18.0,3.111111111111111,0.2222222222222222,0.1111111111111111,0.7777777777777778,0.2222222222222222,11.0,3.2222222222222223,71.42857142857143,66.66666666666667,270.90104948737144,-16.64900288807509
31,Keita Bates-Diop,12.0,156.0,17.0,34.0,0.08333333333333333,4.0,4.0,9.0,29.0,3.1666666666666665,0.25,0.4166666666666667,0.5,0.6666666666666666,6.0,3.25,100.0,50.0,100.44315344044276,100.9665119752542
32,Nicolas Batum,14.0,386.0,50.0,96.0,2.2857142857142856,5.0,10.0,7.0,70.0,5.5,1.5,1.1428571428571428,0.7857142857142857,0.7857142857142857,17.0,9.785714285714286,50.0,52.083333333333336,399.5877061973807,-123.79186003093224
33,Kent Bazemore,16.0,344.0,26.0,79.0,0.75,10.0,13.0,4.0,30.0,2.125,0.875,1.0,0.3125,0.5,42.0,4.625,76.92307692307692,32.91139240506329,-290.6848569123832,21.647049168904715
34,Darius Bazley,17.0,488.0,61.0,170.0,1.0588235294117647,20.0,34.0,17.0,100.0,6.882352941176471,1.588235294117647,0.6470588235294118,1.1176470588235294,1.588235294117647,16.0,9.411764705882353,58.8235294117647,35.88235294117647,-500.7628023607642,-318.69685188843494
35,Bradley Beal,14.0,508.0,121.0,289.0,1.9285714285714286,57.0,59.0,12.0,63.0,5.357142857142857,6.142857142857143,1.1428571428571428,0.42857142857142855,4.142857142857143,31.0,23.285714285714285,96.61016949152543,41.86851211072664,-268.99111893774864,1245.5524566643217
36,Malik Beasley,17.0,419.0,56.0,171.0,2.3529411764705883,4.0,8.0,6.0,43.0,2.8823529411764706,1.7058823529411764,0.7647058823529411,0.11764705882352941,0.5882352941176471,15.0,9.176470588235293,50.0,32.748538011695906,-635.2103070706296,-99.0334880247458
37,DeAndre' Bembry,17.0,307.0,34.0,68.0,0.4117647058823529,8.0,13.0,9.0,31.0,2.3529411764705883,1.0,0.8235294117647058,0.4117647058823529,0.6470588235294118,38.0,4.882352941176471,61.53846153846154,50.0,200.8863068808855,-105.75928374179927
38,Davis Bertans,7.0,118.0,13.0,38.0,1.4285714285714286,7.0,7.0,1.0,11.0,1.7142857142857142,0.5714285714285714,0.14285714285714285,0.0,0.42857142857142855,11.0,6.142857142857143,100.0,34.21052631578947,-128.4536876167512,176.69139595669486
39,Patrick Beverley,15.0,401.0,49.0,105.0,1.2666666666666666,12.0,17.0,23.0,47.0,4.666666666666667,4.733333333333333,0.9333333333333333,1.0666666666666667,1.2666666666666666,49.0,8.6,70.58823529411765,46.666666666666664,126.17928540676624,-50.041640544825555
40,Saddiq Bey,17.0,561.0,87.0,235.0,1.9411764705882353,26.0,35.0,38.0,71.0,6.411764705882353,2.6470588235294117,1.0588235294117647,0.23529411764705882,1.4705882352941178,27.0,13.705882352941176,74.28571428571429,37.02127659574468,-615.1163273867705,-12.289100732276069
41,Khem Birch,15.0,344.0,40.0,80.0,0.0,24.0,33.0,48.0,37.0,5.666666666666667,1.3333333333333333,1.0,0.4666666666666667,0.6,27.0,6.933333333333334,72.72727272727273,50.0,236.33683162457118,-48.74638269392915
42,Goga Bitadze,14.0,127.0,14.0,47.0,0.2857142857142857,10.0,15.0,16.0,18.0,2.4285714285714284,0.21428571428571427,0.6428571428571429,0.6428571428571429,0.35714285714285715,25.0,3.0,66.66666666666667,29.78723404255319,-200.2608323356554,-80.91705339519777
43,Nemanja Bjelica,17.0,257.0,43.0,91.0,1.0588235294117647,14.0,17.0,15.0,56.0,4.176470588235294,1.7058823529411764,0.8823529411764706,0.29411764705882354,1.1764705882352942,20.0,6.9411764705882355,82.3529411764706,47.252747252747255,135.930225864546,106.32396838397804
44,Eric Bledsoe,18.0,504.0,63.0,161.0,0.7222222222222222,31.0,36.0,12.0,63.0,4.166666666666667,3.6666666666666665,1.5,0.5555555555555556,2.2777777777777777,32.0,9.444444444444445,86.11111111111111,39.130434782608695,-312.5520988869526,351.9349122526646
45,Bogdan Bogdanovic,17.0,498.0,78.0,179.0,2.235294117647059,10.0,12.0,7.0,51.0,3.411764705882353,2.411764705882353,0.6470588235294118,0.11764705882352941,0.9411764705882353,33.0,12.0,83.33333333333333,43.57541899441341,-40.26049676784014,85.7496132714688
46,Bojan Bogdanovic,17.0,510.0,96.0,213.0,2.411764705882353,56.0,60.0,16.0,56.0,4.235294117647059,1.8235294117647058,0.4117647058823529,0.058823529411764705,1.5294117647058822,21.0,17.0,93.33333333333333,45.070422535211264,93.9689592792522,1040.1978343202254
47,Bol Bol,8.0,42.0,7.0,15.0,0.0,1.0,3.0,2.0,12.0,1.75,0.25,0.125,0.25,0.0,3.0,1.875,33.333333333333336,46.666666666666664,18.025612200966606,-41.42503867285311
48,Leandro Bolmaro,7.0,26.0,3.0,8.0,0.14285714285714285,3.0,3.0,2.0,7.0,1.2857142857142858,0.14285714285714285,0.0,0.0,0.7142857142857143,1.0,1.4285714285714286,100.0,37.5,-19.774737628157162,75.72488398144066
49,Isaac Bonga,3.0,7.0,1.0,1.0,0.0,0.0,0.0,1.0,1.0,0.6666666666666666,0.6666666666666666,0.3333333333333333,0.0,0.0,1.0,0.6666666666666666,,100.0,55.90842079061428,
50,Devin Booker,17.0,555.0,139.0,318.0,2.3529411764705883,63.0,75.0,16.0,79.0,5.588235294117647,4.882352941176471,0.9411764705882353,0.23529411764705882,2.7058823529411766,41.0,22.41176470588235,84.0,43.710691823899374,-52.943346582602146,582.2225636102537
51,Brandon Boston Jr.,7.0,55.0,7.0,21.0,0.2857142857142857,4.0,5.0,0.0,7.0,1.0,0.42857142857142855,0.5714285714285714,0.14285714285714285,0.2857142857142857,2.0,2.857142857142857,80.0,33.333333333333336,-75.3077211323667,20.966511975254207
52,Chris Boucher,17.0,244.0,37.0,101.0,0.5294117647058824,15.0,22.0,24.0,50.0,4.352941176470588,0.29411764705882354,0.5882352941176471,0.8235294117647058,0.5882352941176471,23.0,5.764705882352941,68.18181818181819,36.633663366336634,-275.9428861928162,-98.64830736552392
53,James Bouknight,6.0,9.0,0.0,5.0,0.0,0.0,0.0,1.0,1.0,0.3333333333333333,0.0,0.0,0.0,0.0,1.0,0.0,,0.0,-0.0,
54,Avery Bradley,18.0,413.0,39.0,97.0,1.2222222222222223,2.0,2.0,8.0,35.0,2.388888888888889,0.8888888888888888,0.6111111111111112,0.16666666666666666,0.6111111111111112,27.0,5.666666666666667,100.0,40.20618556701031,-151.53035205264106,50.4832559876271
55,Tony Bradley,15.0,217.0,27.0,49.0,0.0,4.0,5.0,24.0,44.0,4.533333333333333,0.4666666666666667,0.06666666666666667,0.6666666666666666,0.8,24.0,3.8666666666666667,80.0,55.10204081632653,297.28246338740183,20.966511975254207
56,Ignas Brazdeikis,9.0,77.0,6.0,24.0,0.3333333333333333,1.0,2.0,5.0,11.0,1.7777777777777777,0.5555555555555556,0.2222222222222222,0.0,0.3333333333333333,10.0,1.7777777777777777,50.0,25.0,-114.54947525631432,-24.75837200618645
57,Mikal Bridges,17.0,569.0,91.0,168.0,1.5294117647058822,16.0,20.0,10.0,55.0,3.823529411764706,1.8235294117647058,1.0,0.6470588235294118,0.7058823529411765,37.0,13.176470588235293,80.0,54.166666666666664,916.8329586125659,83.86604790101683
58,Miles Bridges,19.0,700.0,146.0,325.0,2.263157894736842,60.0,80.0,28.0,113.0,7.421052631578948,3.3157894736842106,1.4210526315789473,0.7894736842105263,1.7894736842105263,52.0,20.789473684210527,75.0,44.92307692307692,121.39866619891508,14.497679628813103
59,Oshae Brissett,11.0,126.0,14.0,36.0,0.45454545454545453,1.0,5.0,4.0,20.0,2.1818181818181817,0.36363636363636365,0.18181818181818182,0.18181818181818182,0.7272727272727273,10.0,3.090909090909091,20.0,38.888888888888886,-72.83766448695569,-54.75837200618645
60,Malcolm Brogdon,14.0,479.0,106.0,228.0,1.9285714285714286,53.0,60.0,13.0,72.0,6.071428571428571,6.071428571428571,0.6428571428571429,0.7142857142857143,2.642857142857143,27.0,20.857142857142858,88.33333333333333,46.49122807017544,254.36277924371007,719.4729503387847
61,Armoni Brooks,13.0,115.0,16.0,47.0,0.9230769230769231,5.0,6.0,2.0,11.0,1.0,0.38461538461538464,0.46153846153846156,0.07692307692307693,0.23076923076923078,11.0,3.769230769230769,83.33333333333333,34.04255319148936,-160.78441628634175,42.8748066357344
62,Dillon Brooks,4.0,106.0,29.0,63.0,2.0,11.0,12.0,2.0,10.0,3.0,2.75,1.25,0.0,2.0,13.0,19.25,91.66666666666667,46.03174603174603,56.26483784844902,185.99124126528244
63,Bruce Brown,16.0,408.0,54.0,113.0,0.4375,9.0,12.0,16.0,51.0,4.1875,1.1875,1.5,0.5625,0.6875,36.0,7.75,75.0,47.78761061946903,199.5856961444986,2.1746519443219654
64,Greg Brown III,7.0,34.0,7.0,18.0,0.0,2.0,5.0,4.0,8.0,1.7142857142857142,0.5714285714285714,0.2857142857142857,0.42857142857142855,0.2857142857142857,5.0,2.2857142857142856,40.0,38.888888888888886,-36.418832243477844,-69.5167440123729
65,Jaylen Brown,9.0,315.0,81.0,165.0,2.888888888888889,36.0,45.0,3.0,49.0,5.777777777777778,2.2222222222222223,1.2222222222222223,0.5555555555555556,2.7777777777777777,29.0,24.88888888888889,80.0,49.09090909090909,404.9457204033932,188.69860777728786
66,Moses Brown,6.0,18.0,2.0,2.0,0.0,2.0,6.0,1.0,4.0,0.8333333333333334,0.0,0.0,0.3333333333333333,0.0,2.0,1.0,33.333333333333336,100.0,111.81684158122856,-82.85007734570623
67,Sterling Brown,15.0,177.0,12.0,43.0,0.4666666666666667,4.0,4.0,9.0,35.0,2.933333333333333,0.6666666666666666,0.4,0.13333333333333333,0.6,18.0,2.3333333333333335,100.0,27.906976744186046,-194.2152295823961,100.9665119752542
68,Troy Brown Jr.,12.0,118.0,16.0,39.0,0.5,2.0,4.0,3.0,16.0,1.5833333333333333,0.3333333333333333,0.16666666666666666,0.0,0.16666666666666666,8.0,3.3333333333333335,50.0,41.02564102564103,-49.055010939915064,-49.5167440123729
69,Jalen Brunson,17.0,496.0,100.0,203.0,1.1176470588235294,37.0,46.0,8.0,67.0,4.411764705882353,5.294117647058823,0.8823529411764706,0.058823529411764705,1.588235294117647,31.0,15.058823529411764,80.43478260869566,49.26108374384236,516.9504534456643,210.02719229284068
70,Reggie Bullock,16.0,362.0,36.0,99.0,1.1875,3.0,5.0,4.0,43.0,2.9375,0.75,0.3125,0.0625,0.5,23.0,5.875,60.0,36.36363636363637,-278.20594244697674,-44.275116018559345
71,Trey Burke,8.0,84.0,15.0,36.0,0.625,8.0,9.0,0.0,6.0,0.75,0.875,0.5,0.0,0.875,4.0,5.375,88.88888888888889,41.666666666666664,-36.373688140785845,113.0441350616195
72,Alec Burks,18.0,384.0,56.0,133.0,2.0,29.0,36.0,6.0,57.0,3.5,1.7777777777777777,1.0555555555555556,0.3333333333333333,0.6666666666666666,35.0,9.833333333333334,80.55555555555556,42.10526315789474,-111.23369888349492,168.11832293170414
73,Jared Butler,12.0,54.0,6.0,24.0,0.25,2.0,4.0,0.0,7.0,0.5833333333333334,0.5833333333333334,0.08333333333333333,0.5,0.5833333333333334,11.0,1.4166666666666667,50.0,25.0,-114.54947525631432,-49.5167440123729
74,Jimmy Butler,15.0,507.0,124.0,236.0,0.4,113.0,133.0,26.0,61.0,5.8,5.333333333333333,2.0,0.3333333333333333,1.9333333333333333,26.0,24.466666666666665,84.9624060150376,52.54237288135593,1047.8984153243061,1153.0558430001802
75,Kentavious Caldwell-Pope,17.0,513.0,59.0,149.0,2.0,18.0,21.0,10.0,53.0,3.7058823529411766,1.5294117647058822,1.4705882352941178,0.29411764705882354,1.0588235294117647,28.0,10.0,85.71428571428571,39.59731543624161,-265.16156261550265,197.20644674578668
76,Facundo Campazzo,17.0,287.0,27.0,67.0,0.9411764705882353,12.0,15.0,6.0,25.0,1.8235294117647058,2.0588235294117645,0.9411764705882353,0.17647058823529413,1.0,28.0,4.823529411764706,80.0,40.298507462686565,-102.41293716087719,62.89953592576262
77,Vlatko Cancar,1.0,3.0,0.0,0.0,0.0,1.0,2.0,0.0,0.0,0.0,0.0,0.0,0.0,0.0,0.0,1.0,50.0,,,-24.75837200618645
78,Clint Capela,18.0,526.0,90.0,154.0,0.0,24.0,44.0,69.0,146.0,11.944444444444445,1.1666666666666667,0.7777777777777778,1.1666666666666667,0.6666666666666666,48.0,11.333333333333334,54.54545454545455,58.44155844155844,1291.4981308955448,-485.11001905756564
79,Vernon Carey Jr.,1.0,1.0,0.0,1.0,0.0,0.0,0.0,0.0,1.0,1.0,0.0,0.0,0.0,0.0,0.0,0.0,,0.0,-0.0,
80,Jevon Carter,18.0,268.0,19.0,71.0,0.8888888888888888,3.0,4.0,4.0,25.0,1.6111111111111112,1.2222222222222223,0.4444444444444444,0.3333333333333333,0.2777777777777778,25.0,3.1666666666666665,75.0,26.760563380281692,-329.28930075297654,0.7248839814406551
81,Wendell Carter Jr.,18.0,499.0,86.0,172.0,1.5555555555555556,20.0,33.0,38.0,129.0,9.277777777777779,2.388888888888889,0.6111111111111112,0.6666666666666666,1.6111111111111112,49.0,12.222222222222221,60.60606060606061,50.0,508.124187992828,-283.0462280025168
82,Alex Caruso,17.0,502.0,42.0,106.0,0.8235294117647058,30.0,34.0,13.0,51.0,3.764705882352941,4.117647058823529,2.235294117647059,0.47058823529411764,1.4705882352941178,53.0,7.529411764705882,88.23529411764706,39.62264150943396,-187.6953833979739,404.30766334381826
83,Willie Cauley-Stein,17.0,167.0,14.0,29.0,0.058823529411764705,1.0,2.0,10.0,25.0,2.0588235294117645,0.5294117647058824,0.35294117647058826,0.058823529411764705,0.29411764705882354,14.0,1.7647058823529411,50.0,48.275862068965516,58.579960034117136,-24.75837200618645
84,Justin Champagnie,7.0,27.0,2.0,6.0,0.0,2.0,2.0,4.0,4.0,1.1428571428571428,0.14285714285714285,0.0,0.0,0.0,5.0,0.8571428571428571,100.0,33.333333333333336,-21.51649175210477,50.4832559876271
85,Chris Chiozza,7.0,66.0,8.0,21.0,0.8571428571428571,1.0,1.0,1.0,6.0,1.0,1.1428571428571428,0.5714285714285714,0.0,0.7142857142857143,7.0,3.2857142857142856,100.0,38.095238095238095,-47.970728913181006,25.24162799381355
86,Josh Christopher,11.0,84.0,13.0,34.0,0.2727272727272727,4.0,6.0,2.0,8.0,0.9090909090909091,1.0,0.5454545454545454,0.0,0.6363636363636364,5.0,3.0,66.66666666666667,38.23529411764706,-76.13170619260262,-32.36682135807911
87,Brandon Clarke,14.0,220.0,42.0,74.0,0.0,14.0,21.0,25.0,32.0,4.071428571428571,1.2142857142857142,0.42857142857142855,0.8571428571428571,0.35714285714285715,25.0,7.0,66.66666666666667,56.75675675675676,531.9374569895836,-113.28387475327688
88,Jordan Clarkson,17.0,424.0,89.0,248.0,2.4705882352941178,33.0,38.0,12.0,39.0,3.0,2.0588235294117645,0.7058823529411765,0.29411764705882354,1.588235294117647,25.0,14.882352941176471,86.84210526315789,35.88709677419355,-730.198936732103,398.76319748005756
89,Nicolas Claxton,4.0,76.0,11.0,20.0,0.0,4.0,9.0,3.0,19.0,5.5,0.75,0.0,1.0,0.75,5.0,6.5,44.44444444444444,55.0,119.99262869675707,-121.25571024696802
90,Amir Coffey,14.0,173.0,10.0,34.0,0.5714285714285714,16.0,17.0,3.0,18.0,1.5,0.7857142857142857,0.07142857142857142,0.14285714285714285,0.35714285714285715,12.0,3.142857142857143,94.11764705882354,29.41176470588235,-146.79814503503368,309.7484008421934
91,John Collins,18.0,578.0,119.0,207.0,1.0,44.0,58.0,32.0,113.0,8.055555555555555,2.3333333333333335,0.7777777777777778,1.2777777777777777,1.0555555555555556,53.0,16.666666666666668,75.86206896551724,57.48792270531401,1594.1648760154667,48.56266621055477
92,Mike Conley,15.0,426.0,75.0,150.0,2.6,18.0,22.0,3.0,26.0,1.9333333333333333,5.6,1.2,0.26666666666666666,1.8,30.0,13.8,81.81818181818181,50.0,443.131559296071,127.07657661591657
93,Pat Connaughton,18.0,526.0,76.0,160.0,2.611111111111111,11.0,16.0,17.0,73.0,5.0,1.6111111111111112,1.0,0.3333333333333333,0.8333333333333334,26.0,11.666666666666666,68.75,47.5,259.0399800866852,-66.09209206805093
94,Tyler Cook,1.0,12.0,2.0,3.0,0.0,2.0,2.0,0.0,2.0,2.0,2.0,0.0,0.0,1.0,1.0,6.0,100.0,66.66666666666667,45.1501749145619,50.4832559876271
95,Sharife Cooper,5.0,11.0,1.0,4.0,0.0,0.0,0.0,0.0,0.0,0.0,0.8,0.0,0.0,0.2,0.0,0.4,,25.0,-19.09157920938572,
96,Petr Cornelie,4.0,18.0,0.0,4.0,0.0,0.0,0.0,4.0,3.0,1.75,0.5,0.0,0.0,0.5,2.0,0.0,,0.0,-0.0,
97,Robert Covington,18.0,492.0,45.0,104.0,1.8888888888888888,3.0,3.0,7.0,79.0,4.777777777777778,1.2777777777777777,1.1111111111111112,1.1666666666666667,0.9444444444444444,38.0,7.055555555555555,100.0,43.26923076923077,-37.005679806972935,75.72488398144066
98,Torrey Craig,19.0,339.0,44.0,87.0,0.631578947368421,14.0,17.0,24.0,45.0,3.6315789473684212,1.0,0.5263157894736842,0.3684210526315789,0.631578947368421,37.0,6.0,82.3529411764706,50.57471264367816,285.2578711088674,106.32396838397804
99,Jae Crowder,17.0,478.0,52.0,137.0,1.8235294117647058,15.0,19.0,8.0,75.0,4.882352941176471,1.2941176470588236,1.1764705882352942,0.5882352941176471,0.8823529411764706,37.0,8.823529411764707,78.94736842105263,37.956204379562045,-319.0394911508311,62.83494622299273
100,Jarrett Culver,4.0,28.0,6.0,11.0,0.25,4.0,5.0,1.0,3.0,1.0,0.75,0.25,0.0,0.25,0.0,4.25,80.0,54.54545454545455,62.72325201641296,20.966511975254207
101,Cade Cunningham,12.0,377.0,59.0,173.0,1.8333333333333333,21.0,23.0,13.0,60.0,6.083333333333333,4.75,1.3333333333333333,0.5,3.25,29.0,13.416666666666666,91.30434782608695,34.104046242774565,-589.2644450300581,347.4654922179106
102,Seth Curry,16.0,531.0,89.0,177.0,2.3125,31.0,34.0,9.0,42.0,3.1875,2.6875,0.75,0.125,1.8125,32.0,15.375,91.17647058823529,50.282485875706215,550.9906933025239,508.9610560435141
103,Stephen Curry,16.0,542.0,146.0,321.0,5.375,76.0,79.0,10.0,84.0,5.875,6.625,1.6875,0.625,3.25,29.0,28.375,96.20253164556962,45.482866043613704,203.1278777972856,1629.756132593121
104,Anthony Davis,19.0,665.0,182.0,352.0,0.3684210526315789,91.0,123.0,61.0,134.0,10.263157894736842,3.0526315789473686,1.1578947368421053,2.1578947368421053,2.1052631578947367,43.0,24.31578947368421,73.98373983739837,51.70454545454545,1385.5598566190713,-70.49152735971471
105,Ed Davis,6.0,67.0,6.0,9.0,0.0,1.0,2.0,4.0,22.0,4.333333333333333,0.16666666666666666,0.3333333333333333,0.5,0.3333333333333333,7.0,2.1666666666666665,50.0,66.66666666666667,135.45052474368572,-24.75837200618645
106,Terence Davis,11.0,141.0,20.0,63.0,0.8181818181818182,0.0,1.0,2.0,13.0,1.3636363636363635,0.6363636363636364,0.45454545454545453,0.09090909090909091,0.6363636363636364,17.0,4.454545454545454,0.0,31.746031746031747,-246.91094926707947,-0.0
107,Gabriel Deck,5.0,23.0,4.0,7.0,0.2,0.0,0.0,1.0,2.0,0.6,0.2,0.2,0.0,0.2,0.0,1.8,,57.142857142857146,52.2051117338857,
108,Dewayne Dedmon,18.0,263.0,36.0,63.0,0.16666666666666666,17.0,23.0,28.0,62.0,5.0,0.4444444444444444,0.3333333333333333,0.3333333333333333,0.6666666666666666,39.0,5.111111111111111,73.91304347826087,57.142857142857146,469.8460056049713,-14.370584974734754
109,Sam Dekker,1.0,1.0,0.0,0.0,0.0,0.0,0.0,0.0,0.0,0.0,0.0,0.0,0.0,0.0,0.0,0.0,,,,
110,DeMar DeRozan,18.0,631.0,166.0,339.0,0.8888888888888888,126.0,141.0,13.0,80.0,5.166666666666667,4.111111111111111,1.0,0.4444444444444444,2.1666666666666665,39.0,26.333333333333332,89.36170212765957,48.96755162241888,809.4114205635046,1840.0195953056132
111,Hamidou Diallo,11.0,150.0,29.0,50.0,0.2727272727272727,11.0,12.0,11.0,16.0,2.4545454545454546,0.7272727272727273,0.5454545454545454,0.45454545454545453,0.7272727272727273,15.0,6.545454545454546,91.66666666666667,58.0,403.3442029278141,185.99124126528244
112,Gorgui Dieng,17.0,143.0,11.0,32.0,0.23529411764705882,8.0,12.0,19.0,44.0,3.7058823529411766,0.7058823529411765,0.23529411764705882,0.29411764705882354,0.47058823529411764,20.0,2.0,66.66666666666667,34.375,-106.88237130324293,-64.73364271615822
113,Spencer Dinwiddie,15.0,448.0,80.0,196.0,2.1333333333333333,36.0,38.0,10.0,64.0,4.933333333333334,5.4,0.3333333333333333,0.2,1.6,31.0,15.2,94.73684210526316,40.816326530612244,-262.0202143018781,719.2249235667618
114,Luka Doncic,14.0,493.0,130.0,300.0,2.5714285714285716,54.0,78.0,10.0,107.0,8.357142857142858,8.0,1.2857142857142858,0.7142857142857143,4.285714285714286,33.0,25.0,69.23076923076923,43.333333333333336,-98.57196388681004,-298.49054987253
115,Luguentz Dort,16.0,521.0,93.0,217.0,2.1875,43.0,50.0,15.0,57.0,4.5,1.8125,0.75,0.25,1.75,47.0,16.5,86.0,42.857142857142854,-114.80258075858659,483.3900037339827
116,Ayo Dosunmu,17.0,280.0,40.0,91.0,0.8235294117647058,5.0,9.0,9.0,30.0,2.2941176470588234,0.8823529411764706,0.35294117647058826,0.17647058823529413,0.7647058823529411,23.0,5.823529411764706,55.55555555555556,43.956043956043956,-5.421410133670577,-96.01408225315446
117,Devon Dotson,1.0,7.0,1.0,3.0,0.0,0.0,0.0,0.0,3.0,3.0,0.0,0.0,0.0,0.0,0.0,2.0,,33.333333333333336,-10.758245876052385,
118,Sekou Doumbouya,2.0,16.0,5.0,8.0,0.5,3.0,4.0,2.0,4.0,3.0,0.0,1.5,1.0,1.0,1.0,7.0,75.0,62.5,92.0421039530714,0.7248839814406551
119,Jeff Dowtin,2.0,6.0,0.0,1.0,0.0,0.0,0.0,0.0,2.0,1.0,0.0,0.0,0.0,0.0,1.0,0.0,,0.0,-0.0,
120,PJ Dozier,18.0,340.0,36.0,99.0,0.8333333333333334,10.0,13.0,14.0,49.0,3.5,1.6111111111111112,0.6111111111111112,0.3333333333333333,0.7222222222222222,33.0,5.388888888888889,76.92307692307692,36.36363636363637,-278.20594244697674,21.647049168904715
121,Goran Dragic,5.0,90.0,13.0,34.0,0.8,10.0,10.0,2.0,12.0,2.8,1.8,1.0,0.2,0.2,8.0,8.0,100.0,38.23529411764706,-76.13170619260262,252.41627993813552
122,Andre Drummond,17.0,386.0,50.0,107.0,0.0,24.0,41.0,58.0,131.0,11.117647058823529,2.2941176470588234,1.1176470588235294,1.1764705882352942,1.6470588235294117,47.0,7.294117647058823,58.53658536585366,46.728971962616825,131.8696376615552,-389.3228793679869
123,Chris Duarte,17.0,509.0,88.0,207.0,1.9411764705882353,14.0,19.0,8.0,65.0,4.294117647058823,2.0588235294117645,0.9411764705882353,0.11764705882352941,1.6470588235294117,32.0,13.117647058823529,73.6842105263158,42.51207729468599,-138.99616849357653,-15.03826071818915
124,Kevin Durant,17.0,594.0,177.0,317.0,1.9411764705882353,97.0,113.0,7.0,125.0,7.764705882352941,5.117647058823529,0.47058823529411764,0.6470588235294118,2.9411764705882355,21.0,28.470588235294116,85.84070796460178,55.83596214511041,2078.7557796232695,1074.9865879662868
125,Anthony Edwards,17.0,604.0,141.0,328.0,3.1176470588235294,43.0,58.0,29.0,77.0,6.235294117647059,3.235294117647059,1.3529411764705883,0.7058823529411765,3.3529411764705883,42.0,22.235294117647058,74.13793103448276,42.98780487804878,-155.632180718509,-26.67896178325853
126,Kessler Edwards,1.0,9.0,3.0,6.0,2.0,0.0,0.0,1.0,2.0,3.0,0.0,0.0,0.0,1.0,0.0,8.0,,50.0,17.725262371842838,
127,CJ Elleby,8.0,42.0,4.0,13.0,0.125,0.0,0.0,1.0,11.0,1.5,0.375,0.0,0.0,0.375,5.0,1.125,,30.76923076923077,-53.2893937606198,
128,Wayne Ellington,11.0,218.0,21.0,63.0,1.8181818181818181,4.0,4.0,2.0,17.0,1.7272727272727273,0.45454545454545453,0.18181818181818182,0.0,0.45454545454545453,8.0,6.0,100.0,33.333333333333336,-225.9231633971001,100.9665119752542
129,Joel Embiid,9.0,278.0,60.0,138.0,1.4444444444444444,60.0,77.0,16.0,70.0,9.555555555555555,4.0,0.8888888888888888,1.4444444444444444,3.0,20.0,21.444444444444443,77.92207792207792,43.47826086956522,-36.79910038923012,189.82235495348817
130,Drew Eubanks,16.0,268.0,38.0,68.0,0.0,30.0,38.0,22.0,61.0,5.1875,1.6875,0.5,0.9375,1.4375,30.0,6.625,78.94736842105263,55.88235294117647,448.0494018080485,125.66989244598545
131,Tacko Fall,7.0,19.0,1.0,2.0,0.0,1.0,4.0,1.0,4.0,0.7142857142857143,0.0,0.0,0.14285714285714285,0.14285714285714285,0.0,0.42857142857142855,25.0,50.0,5.908420790614279,-49.75837200618645
132,Derrick Favors,14.0,244.0,40.0,76.0,0.14285714285714285,7.0,12.0,23.0,51.0,5.285714285714286,0.42857142857142855,0.5,0.14285714285714285,0.2857142857142857,19.0,6.357142857142857,58.333333333333336,52.63157894736842,341.5999895193079,-114.9752707099718
133,Bruno Fernando,6.0,10.0,0.0,0.0,0.0,0.0,0.0,0.0,1.0,0.16666666666666666,0.16666666666666666,0.0,0.16666666666666666,0.3333333333333333,2.0,0.0,,,,
134,Dorian Finney-Smith,17.0,539.0,55.0,136.0,1.6470588235294117,13.0,21.0,31.0,49.0,4.705882352941177,1.1764705882352942,1.4705882352941178,0.5294117647058824,1.0588235294117647,40.0,8.882352941176471,61.904761904761905,40.44117647058823,-200.77215063386188,-167.09693131851907
135,Malik Fitts,3.0,7.0,0.0,0.0,0.0,0.0,0.0,0.0,2.0,0.6666666666666666,0.0,0.0,0.0,0.0,0.0,0.0,,,,
136,Malachi Flynn,12.0,75.0,8.0,24.0,0.3333333333333333,2.0,4.0,3.0,10.0,1.0833333333333333,0.5833333333333334,0.5,0.08333333333333333,0.08333333333333333,9.0,1.8333333333333333,50.0,33.333333333333336,-86.06596700841908,-49.5167440123729
137,Bryn Forbes,16.0,194.0,29.0,70.0,0.9375,4.0,6.0,1.0,14.0,0.9375,0.5625,0.1875,0.0625,0.8125,10.0,4.8125,66.66666666666667,41.42857142857143,-77.22722564361442,-32.36682135807911
138,Trent Forrest,11.0,87.0,5.0,9.0,0.0,4.0,4.0,2.0,9.0,1.0,0.45454545454545453,0.2727272727272727,0.0,0.45454545454545453,8.0,1.2727272727272727,100.0,55.55555555555556,57.31988173084918,100.9665119752542
139,Evan Fournier,18.0,520.0,83.0,199.0,2.4444444444444446,21.0,27.0,10.0,43.0,2.9444444444444446,1.8333333333333333,0.9444444444444444,0.2222222222222222,1.2222222222222223,28.0,12.833333333333334,77.77777777777777,41.70854271356784,-197.7920291528843,63.40752120341779
140,De'Aaron Fox,18.0,626.0,134.0,318.0,1.0555555555555556,71.0,100.0,12.0,49.0,3.388888888888889,5.611111111111111,1.2777777777777777,0.5,2.9444444444444446,50.0,19.88888888888889,71.0,42.138364779874216,-261.73073355454164,-266.84441243923783
141,Daniel Gafford,14.0,283.0,51.0,79.0,0.0,17.0,27.0,25.0,47.0,5.142857142857143,0.7857142857142857,0.6428571428571429,1.6428571428571428,1.0714285714285714,36.0,8.5,62.96296296296296,64.55696202531645,1043.7345236124672,-200.52195373479927
142,Danilo Gallinari,15.0,299.0,39.0,97.0,1.2666666666666666,21.0,24.0,11.0,48.0,3.933333333333333,0.8666666666666667,0.6,0.26666666666666666,0.5333333333333333,17.0,7.866666666666666,87.5,40.20618556701031,-151.53035205264106,267.5741878700846
143,Darius Garland,16.0,556.0,108.0,240.0,2.6875,32.0,36.0,6.0,34.0,2.5,6.8125,1.3125,0.0625,3.75,22.0,18.1875,88.88888888888889,45.0,98.10944538634217,452.176540246478
144,Marcus Garrett,4.0,10.0,0.0,1.0,0.0,0.0,0.0,0.0,1.0,0.25,0.5,0.0,0.0,0.0,1.0,0.0,,0.0,-0.0,
145,Usman Garuba,7.0,45.0,5.0,14.0,0.2857142857142857,0.0,0.0,6.0,12.0,2.5714285714285716,0.8571428571428571,0.2857142857142857,0.5714285714285714,0.2857142857142857,4.0,1.7142857142857142,,35.714285714285715,-41.88646747550003,
146,Luka Garza,9.0,95.0,13.0,28.0,0.5555555555555556,5.0,6.0,8.0,10.0,2.0,0.7777777777777778,0.5555555555555556,0.1111111111111111,0.3333333333333333,18.0,4.0,83.33333333333333,46.42857142857143,30.38089884941423,42.8748066357344
147,Rudy Gay,3.0,54.0,9.0,18.0,2.0,1.0,2.0,1.0,13.0,4.666666666666667,1.0,0.0,0.6666666666666666,1.3333333333333333,2.0,8.333333333333334,50.0,50.0,53.175787115528514,-24.75837200618645
148,Paul George,18.0,642.0,173.0,399.0,3.0,75.0,83.0,9.0,131.0,7.777777777777778,5.277777777777778,1.8333333333333333,0.4444444444444444,4.055555555555555,47.0,26.38888888888889,90.36144578313252,43.35839598997494,-126.84069695806551,1170.2305332709557
149,Taj Gibson,10.0,202.0,14.0,29.0,0.0,7.0,8.0,21.0,30.0,5.1,0.8,0.4,1.4,0.9,34.0,3.5,87.5,48.275862068965516,58.579960034117136,89.19139595669486
150,Josh Giddey,17.0,500.0,73.0,184.0,0.8823529411764706,14.0,22.0,30.0,94.0,7.294117647058823,5.705882352941177,1.0588235294117647,0.6470588235294118,2.7058823529411766,29.0,10.294117647058824,63.63636363636363,39.67391304347826,-322.48963011124476,-155.7081171775194
151,Shai Gilgeous-Alexander,16.0,558.0,112.0,279.0,2.25,67.0,83.0,10.0,71.0,5.0625,4.375,1.0625,0.4375,2.625,36.0,20.4375,80.72289156626506,40.14336917562724,-442.19952378094956,399.62281052526714
152,Anthony Gill,4.0,25.0,2.0,4.0,0.0,0.0,0.0,3.0,2.0,1.25,0.25,0.0,0.25,0.0,2.0,1.0,,50.0,11.816841581228559,
153,Rudy Gobert,17.0,525.0,96.0,131.0,0.0,75.0,111.0,51.0,203.0,14.941176470588236,0.8235294117647058,0.9411764705882353,2.0,1.8235294117647058,45.0,15.705882352941176,67.56756756756756,73.2824427480916,2802.322899715764,-539.3103328964163
154,Aaron Gordon,18.0,560.0,95.0,186.0,0.9444444444444444,33.0,45.0,37.0,71.0,6.0,2.111111111111111,0.5,0.8888888888888888,1.6111111111111112,37.0,13.333333333333334,73.33333333333333,51.075268817204304,663.4505127427653,-47.02627620415295
155,Eric Gordon,14.0,399.0,64.0,141.0,2.142857142857143,25.0,37.0,3.0,29.0,2.2857142857142856,2.142857142857143,0.6428571428571429,0.6428571428571429,2.142857142857143,14.0,13.071428571428571,67.56756756756756,45.39007092198582,83.10346960640618,-179.7701109654721
156,Devonte' Graham,16.0,514.0,82.0,211.0,2.9375,34.0,44.0,11.0,32.0,2.6875,5.125,1.1875,0.1875,2.1875,23.0,15.3125,77.27272727272727,38.86255924170616,-428.7796373497241,85.48807906238781
157,Jerami Grant,16.0,527.0,103.0,254.0,1.875,74.0,92.0,15.0,56.0,4.4375,2.375,1.3125,1.0625,1.875,31.0,19.375,80.43478260869566,40.55118110236221,-364.66100502342186,420.05438458568136
158,Danny Green,11.0,263.0,28.0,62.0,2.090909090909091,4.0,4.0,7.0,20.0,2.4545454545454546,1.0,1.3636363636363635,0.8181818181818182,0.8181818181818182,23.0,7.545454545454546,100.0,45.16129032258065,29.951911169457958,100.9665119752542
159,Draymond Green,16.0,477.0,50.0,90.0,0.375,19.0,34.0,21.0,106.0,7.9375,7.625,1.0625,0.875,2.75,40.0,7.8125,55.88235294117647,55.55555555555556,573.1988173084918,-358.6443622351896
160,Jalen Green,17.0,545.0,83.0,223.0,1.8235294117647058,44.0,55.0,7.0,47.0,3.176470588235294,2.411764705882353,0.6470588235294118,0.23529411764705882,2.8823529411764706,28.0,14.176470588235293,80.0,37.219730941704036,-570.3634062175798,230.63163172779628
161,JaMychal Green,18.0,267.0,40.0,87.0,0.5,14.0,18.0,18.0,47.0,3.611111111111111,0.8888888888888888,0.7777777777777778,0.3888888888888889,1.3888888888888888,42.0,5.722222222222222,77.77777777777777,45.97701149425287,75.417291394686,42.271680802278524
162,Javonte Green,18.0,342.0,36.0,72.0,0.3888888888888889,16.0,20.0,25.0,48.0,4.055555555555555,0.6111111111111112,0.8333333333333334,0.3333333333333333,0.5,35.0,5.277777777777778,80.0,50.0,212.70314846211406,83.86604790101683
163,Jeff Green,18.0,414.0,56.0,126.0,0.6111111111111112,42.0,52.0,7.0,39.0,2.5555555555555554,1.1111111111111112,0.2222222222222222,0.3888888888888889,0.8333333333333334,31.0,9.166666666666666,80.76923076923077,44.44444444444444,19.760453163288446,252.45606804786166
164,Josh Green,8.0,39.0,3.0,9.0,0.0,0.0,0.0,4.0,6.0,1.25,0.375,0.125,0.125,0.25,4.0,0.75,,33.333333333333336,-32.274737628157155,
165,Blake Griffin,17.0,369.0,34.0,107.0,0.5294117647058824,16.0,23.0,21.0,63.0,4.9411764705882355,2.0,0.5294117647058824,0.5882352941176471,0.5294117647058824,39.0,5.470588235294118,69.56521739130434,31.77570093457944,-418.7398613434135,-83.09047383811367
166,Quentin Grimes,6.0,23.0,3.0,6.0,0.5,0.0,0.0,0.0,2.0,0.3333333333333333,0.0,0.0,0.0,0.0,1.0,1.5,,50.0,17.725262371842838,
167,Tyrese Haliburton,16.0,525.0,77.0,169.0,1.4375,16.0,20.0,16.0,44.0,3.75,5.0625,1.6875,0.875,1.75,24.0,12.0625,80.0,45.562130177514796,113.23242454593877,83.86604790101683
168,R.J. Hampton,18.0,339.0,53.0,121.0,1.2222222222222223,18.0,30.0,8.0,52.0,3.3333333333333335,2.2777777777777777,0.5555555555555556,0.2222222222222222,1.5,28.0,8.11111111111111,60.0,43.80165289256198,-15.366094791658128,-265.65069611135607
169,Tim Hardaway Jr.,17.0,564.0,88.0,228.0,2.5294117647058822,31.0,40.0,4.0,64.0,4.0,2.5294117647058822,0.8235294117647058,0.058823529411764705,0.5294117647058824,37.0,14.705882352941176,77.5,38.59649122807018,-483.56774235576773,84.9904678082201
170,James Harden,18.0,629.0,107.0,255.0,2.7777777777777777,110.0,123.0,17.0,120.0,7.611111111111111,9.055555555555555,1.3888888888888888,0.7777777777777778,5.0,42.0,20.77777777777778,89.4308943089431,41.96078431372549,-227.99505383564463,1613.9774533032312
171,Maurice Harkless,14.0,295.0,19.0,53.0,0.5714285714285714,7.0,9.0,1.0,37.0,2.7142857142857144,0.6428571428571429,0.5714285714285714,0.5,0.42857142857142855,24.0,3.7857142857142856,77.77777777777777,35.84905660377358,-156.60792950663063,21.135840401139262
172,Montrezl Harrell,17.0,482.0,111.0,170.0,0.058823529411764705,75.0,91.0,46.0,107.0,9.0,2.2941176470588234,0.5882352941176471,0.8235294117647058,1.1764705882352942,34.0,17.529411764705884,82.41758241758242,65.29411764705883,2353.4817665817145,574.4407808546981
173,Gary Harris,12.0,261.0,27.0,75.0,0.4166666666666667,3.0,4.0,11.0,9.0,1.6666666666666667,1.3333333333333333,0.25,0.08333333333333333,1.0,20.0,5.166666666666667,75.0,36.0,-218.47263865341446,0.7248839814406551
174,Joe Harris,14.0,423.0,56.0,124.0,2.9285714285714284,5.0,6.0,5.0,51.0,4.0,1.0,0.5,0.14285714285714285,1.1428571428571428,31.0,11.285714285714286,83.33333333333333,45.16129032258065,59.903822338915916,42.8748066357344
175,Tobias Harris,11.0,365.0,91.0,182.0,1.4545454545454546,29.0,34.0,11.0,80.0,8.272727272727273,4.090909090909091,0.18181818181818182,0.5454545454545454,2.0,16.0,20.636363636363637,85.29411764705883,50.0,537.6662919458994,305.53662358529897
176,Josh Hart,15.0,446.0,67.0,131.0,0.9333333333333333,28.0,35.0,17.0,74.0,6.066666666666666,3.533333333333333,0.9333333333333333,0.4666666666666667,1.4,40.0,11.733333333333333,80.0,51.14503816793893,472.5817502230649,146.76558382677945
177,Isaiah Hartenstein,17.0,269.0,52.0,82.0,0.058823529411764705,18.0,28.0,32.0,55.0,5.117647058823529,1.411764705882353,0.8823529411764706,1.0588235294117647,1.0588235294117647,42.0,7.235294117647059,64.28571428571429,63.41463414634146,1004.7988567216986,-188.50783896849882
178,Udonis Haslem,4.0,17.0,3.0,6.0,0.0,0.0,0.0,1.0,4.0,1.25,0.25,0.0,0.25,0.0,5.0,1.5,,50.0,17.725262371842838,
179,Sam Hauser,2.0,5.0,0.0,2.0,0.0,0.0,0.0,0.0,1.0,0.5,0.0,0.5,0.0,0.0,1.0,0.0,,0.0,-0.0,
180,Jaxson Hayes,17.0,217.0,34.0,69.0,0.058823529411764705,26.0,34.0,23.0,35.0,3.411764705882353,0.23529411764705882,0.23529411764705882,0.7058823529411765,0.6470588235294118,28.0,5.588235294117647,76.47058823529412,49.27536231884058,176.24862572146515,44.51762195679936
181,Killian Hayes,14.0,347.0,28.0,89.0,1.0,9.0,10.0,11.0,38.0,3.5,3.5,1.5714285714285714,0.35714285714285715,1.7857142857142858,36.0,5.642857142857143,90.0,31.46067415730337,-353.6653414583058,137.17465194432197
182,Gordon Hayward,19.0,655.0,120.0,255.0,1.894736842105263,58.0,66.0,16.0,80.0,5.052631578947368,3.4210526315789473,0.8421052631578947,0.47368421052631576,1.9473684210526316,35.0,17.57894736842105,87.87878787878788,47.05882352941177,356.0693184031257,760.9841206108828
183,Aaron Henry,1.0,2.0,0.0,1.0,0.0,0.0,0.0,0.0,0.0,0.0,0.0,0.0,0.0,0.0,0.0,0.0,,0.0,-0.0,
184,Juan Hernangomez,10.0,36.0,2.0,13.0,0.1,3.0,4.0,3.0,6.0,0.9,0.0,0.4,0.0,0.3,3.0,0.8,75.0,15.384615384615385,-57.41392764954067,0.7248839814406551
185,Willy Hernangomez,5.0,42.0,13.0,16.0,0.0,7.0,8.0,4.0,16.0,4.0,0.6,0.2,0.0,0.6,7.0,6.6,87.5,81.25,483.0594702779856,89.19139595669486
186,Tyler Herro,17.0,571.0,144.0,310.0,2.8823529411764706,39.0,45.0,13.0,83.0,5.647058823529412,3.823529411764706,0.5882352941176471,0.0,2.764705882352941,23.0,22.11764705882353,86.66666666666667,46.45161290322581,339.84485191297256,464.4234917587287
187,Buddy Hield,18.0,515.0,103.0,253.0,4.222222222222222,20.0,25.0,14.0,65.0,4.388888888888889,2.111111111111111,0.6666666666666666,0.2222222222222222,1.6666666666666667,38.0,16.77777777777778,80.0,40.71146245059288,-348.15202615566227,104.83255987627103
188,George Hill,17.0,463.0,50.0,109.0,1.0588235294117647,14.0,15.0,14.0,47.0,3.588235294117647,2.7058823529411766,0.8823529411764706,0.11764705882352941,1.1176470588235294,34.0,7.764705882352941,93.33333333333333,45.87155963302752,88.99902118209013,260.04945858005635
189,Solomon Hill,7.0,88.0,2.0,11.0,0.2857142857142857,0.0,0.0,2.0,12.0,2.0,1.2857142857142858,0.42857142857142855,0.2857142857142857,0.14285714285714285,13.0,0.8571428571428571,,18.181818181818183,-51.819522055135074,
190,Aaron Holiday,17.0,307.0,39.0,95.0,0.6470588235294118,10.0,13.0,4.0,26.0,1.7647058823529411,1.9411764705882353,0.5882352941176471,0.35294117647058826,1.2352941176470589,28.0,5.823529411764706,76.92307692307692,41.05263157894737,-118.51895758709568,21.647049168904715
191,Jrue Holiday,12.0,359.0,64.0,162.0,1.6666666666666667,13.0,20.0,7.0,42.0,4.083333333333333,5.583333333333333,1.6666666666666667,0.3333333333333333,2.6666666666666665,23.0,13.416666666666666,65.0,39.50617283950617,-293.4660076722912,-126.85883608042383
192,Justin Holiday,19.0,526.0,66.0,159.0,2.4210526315789473,6.0,8.0,6.0,47.0,2.789473684210526,1.5263157894736843,0.5263157894736842,0.15789473684210525,1.0,41.0,9.68421052631579,75.0,41.509433962264154,-170.42158631002337,1.4497679628813103
193,Richaun Holmes,18.0,493.0,109.0,157.0,0.1111111111111111,40.0,47.0,50.0,127.0,9.833333333333334,1.1666666666666667,0.3333333333333333,1.0,1.6111111111111112,57.0,14.444444444444445,85.1063829787234,69.4267515923567,2761.533789743836,413.9204389014782
194,Rodney Hood,11.0,159.0,12.0,37.0,0.9090909090909091,7.0,7.0,3.0,19.0,2.0,0.7272727272727273,0.36363636363636365,0.0,0.18181818181818182,9.0,3.727272727272727,100.0,32.432432432432435,-139.90976132343943,176.69139595669486
195,Al Horford,15.0,441.0,72.0,156.0,1.3333333333333333,32.0,39.0,23.0,107.0,8.666666666666666,3.533333333333333,0.9333333333333333,1.8666666666666667,1.1333333333333333,31.0,13.066666666666666,82.05128205128206,46.15384615384615,148.48322000115115,233.37312144305952
196,Talen Horton-Tucker,6.0,192.0,29.0,78.0,1.3333333333333333,14.0,14.0,6.0,26.0,5.333333333333333,2.6666666666666665,1.0,0.5,1.8333333333333333,20.0,13.333333333333334,100.0,37.17948717948718,-200.4506688670576,353.3827919133897
197,Danuel House,10.0,123.0,9.0,40.0,0.4,9.0,10.0,1.0,23.0,2.4,0.9,0.4,0.2,0.9,8.0,3.1,90.0,22.5,-194.32421288447148,137.17465194432197
198,Dwight Howard,17.0,227.0,27.0,42.0,0.29411764705882354,24.0,39.0,21.0,58.0,4.647058823529412,0.4117647058823529,0.8235294117647058,0.6470588235294118,1.0,30.0,4.882352941176471,61.53846153846154,64.28571428571429,545.2416470608714,-317.2778512253978
199,Markus Howard,8.0,43.0,3.0,18.0,0.25,4.0,4.0,0.0,1.0,0.125,0.25,0.375,0.0,0.25,1.0,1.5,100.0,16.666666666666668,-82.27473762815715,100.9665119752542
200,Kevin Huerter,17.0,420.0,67.0,140.0,1.4705882352941178,4.0,6.0,7.0,55.0,3.6470588235294117,2.2941176470588234,0.29411764705882354,0.23529411764705882,1.1176470588235294,30.0,9.588235294117647,66.66666666666667,47.857142857142854,252.29276439972796,-32.36682135807911
201,Jay Huff,1.0,8.0,0.0,1.0,0.0,0.0,0.0,1.0,1.0,2.0,1.0,0.0,0.0,0.0,0.0,0.0,,0.0,-0.0,
202,Elijah Hughes,4.0,11.0,0.0,2.0,0.0,2.0,2.0,0.0,1.0,0.25,0.0,0.0,0.0,0.0,1.0,0.5,100.0,0.0,-0.0,50.4832559876271
203,De'Andre Hunter,11.0,306.0,50.0,111.0,1.3636363636363635,4.0,10.0,4.0,26.0,2.727272727272727,0.6363636363636364,0.6363636363636364,0.2727272727272727,1.2727272727272727,32.0,10.818181818181818,40.0,45.04504504504504,47.67329178296613,-139.0334880247458
204,Chandler Hutchison,3.0,9.0,1.0,1.0,0.0,0.0,0.0,0.0,4.0,1.3333333333333333,0.3333333333333333,0.0,0.0,1.0,1.0,0.6666666666666666,,100.0,55.90842079061428,
205,Bones Hyland,14.0,216.0,34.0,95.0,1.4285714285714286,13.0,14.0,4.0,24.0,2.0,1.6428571428571428,0.7142857142857143,0.21428571428571427,0.7857142857142857,23.0,7.214285714285714,92.85714285714286,35.78947368421053,-282.27158785595657,235.28402106243337
206,Serge Ibaka,4.0,33.0,2.0,14.0,0.0,3.0,6.0,3.0,7.0,2.5,0.25,0.25,0.25,0.75,7.0,1.75,50.0,14.285714285714286,-59.61172984734287,-74.27511601855934
207,Andre Iguodala,12.0,250.0,18.0,43.0,0.4166666666666667,4.0,6.0,8.0,34.0,3.5,3.75,0.75,0.8333333333333334,0.75,12.0,3.75,66.66666666666667,41.86046511627907,-40.160053675919656,-32.36682135807911
208,Joe Ingles,17.0,423.0,43.0,99.0,1.8235294117647058,5.0,6.0,8.0,43.0,3.0,3.3529411764705883,0.5294117647058824,0.11764705882352941,1.0,30.0,7.176470588235294,83.33333333333333,43.43434343434343,-28.26113832681839,42.8748066357344
209,Brandon Ingram,12.0,423.0,96.0,231.0,2.0,41.0,49.0,10.0,69.0,6.583333333333333,4.583333333333333,0.16666666666666666,0.4166666666666667,3.6666666666666665,29.0,21.416666666666668,83.6734693877551,41.55844155844156,-243.1812144906396,365.51899264431495
210,Frank Jackson,17.0,356.0,56.0,136.0,1.7058823529411764,21.0,26.0,4.0,18.0,1.2941176470588236,0.5882352941176471,0.5882352941176471,0.29411764705882354,0.7058823529411765,28.0,9.529411764705882,80.76923076923077,41.1764705882353,-163.24608278442372,126.22803402393083
211,Isaiah Jackson,3.0,16.0,1.0,5.0,0.0,1.0,2.0,1.0,4.0,1.6666666666666667,0.0,0.3333333333333333,0.3333333333333333,0.0,4.0,1.0,50.0,20.0,-24.09157920938572,-24.75837200618645
212,Jaren Jackson Jr.,17.0,460.0,85.0,219.0,2.176470588235294,45.0,52.0,22.0,76.0,5.764705882352941,1.0588235294117647,0.8823529411764706,2.0,1.5294117647058822,54.0,14.823529411764707,86.53846153846153,38.81278538812786,-448.6974748069184,530.1040289523788
213,Josh Jackson,15.0,308.0,46.0,109.0,0.9333333333333333,19.0,29.0,11.0,48.0,3.933333333333333,2.0,0.4,0.4666666666666667,1.5333333333333334,29.0,8.333333333333334,65.51724137931035,42.20183486238532,-86.9282399620185,-175.5814819106459
214,Reggie Jackson,18.0,617.0,124.0,308.0,3.0555555555555554,26.0,31.0,12.0,53.0,3.611111111111111,3.888888888888889,0.7222222222222222,0.1111111111111111,2.0555555555555554,27.0,18.27777777777778,83.87096774193549,40.25974025974026,-475.14802975603686,236.92748912947502
215,LeBron James,8.0,276.0,71.0,145.0,2.625,19.0,25.0,4.0,36.0,5.0,6.125,2.0,0.625,3.75,18.0,22.75,76.0,48.96551724137931,346.0496002715448,23.590931882457483
216,DeJon Jarreau,1.0,1.0,0.0,0.0,0.0,0.0,0.0,0.0,0.0,0.0,0.0,0.0,0.0,0.0,0.0,0.0,,,,
217,Ty Jerome,14.0,183.0,32.0,82.0,1.0714285714285714,15.0,19.0,5.0,13.0,1.2857142857142858,1.2142857142857142,0.8571428571428571,0.07142857142857142,0.2857142857142857,20.0,6.714285714285714,78.94736842105263,39.02439024390244,-162.15004689546504,62.83494622299273
218,Isaiah Joe,11.0,103.0,12.0,38.0,0.7272727272727273,4.0,4.0,0.0,13.0,1.1818181818181819,0.5454545454545454,0.0,0.0,0.2727272727272727,8.0,3.272727272727273,100.0,31.57894736842105,-150.15158209157602,100.9665119752542
219,Alize Johnson,12.0,95.0,12.0,21.0,0.0,3.0,5.0,12.0,17.0,2.4166666666666665,0.5,0.25,0.0,0.5,10.0,2.25,60.0,57.142857142857146,156.6153352016571,-44.275116018559345
220,Cameron Johnson,17.0,374.0,50.0,127.0,1.7058823529411764,9.0,13.0,6.0,49.0,3.235294117647059,1.1764705882352942,0.8235294117647058,0.23529411764705882,0.5294117647058824,21.0,8.117647058823529,69.23076923076923,39.37007874015748,-236.07502346141194,-49.748424978755
221,David Johnson,1.0,0.0,0.0,0.0,0.0,0.0,0.0,0.0,0.0,0.0,0.0,0.0,0.0,0.0,0.0,0.0,,,,
222,Jalen Johnson,7.0,19.0,5.0,10.0,0.2857142857142857,2.0,2.0,0.0,5.0,0.7142857142857143,0.0,0.0,0.0,0.0,0.0,2.0,100.0,50.0,29.542103953071397,50.4832559876271
223,James Johnson,10.0,147.0,14.0,36.0,0.2,2.0,8.0,8.0,24.0,3.2,1.7,0.5,0.3,0.6,20.0,3.2,25.0,38.888888888888886,-72.83766448695569,-99.5167440123729
224,Keldon Johnson,16.0,489.0,93.0,205.0,1.0625,36.0,54.0,17.0,82.0,6.1875,2.125,1.0,0.25,1.5,25.0,14.9375,66.66666666666667,45.36585365853659,118.50752377103053,-291.30139222271197
225,Keon Johnson,1.0,1.0,0.0,0.0,0.0,0.0,0.0,0.0,0.0,0.0,0.0,0.0,0.0,0.0,0.0,0.0,,,,
226,Nikola Jokic,14.0,454.0,144.0,243.0,1.7857142857142858,56.0,75.0,38.0,152.0,13.571428571428571,6.357142857142857,1.2142857142857142,0.9285714285714286,3.2142857142857144,41.0,26.357142857142858,74.66666666666667,59.25925925925926,2184.1459271817894,-5.135499013107506
227,Damian Jones,6.0,42.0,6.0,9.0,0.16666666666666666,2.0,2.0,7.0,10.0,2.8333333333333335,0.3333333333333333,0.0,0.3333333333333333,0.16666666666666666,4.0,2.5,100.0,66.66666666666667,135.45052474368572,50.4832559876271
228,Derrick Jones Jr.,14.0,252.0,38.0,62.0,0.2857142857142857,24.0,29.0,20.0,35.0,3.9285714285714284,0.5,0.6428571428571429,0.8571428571428571,0.5,30.0,7.428571428571429,82.75862068965517,61.29032258064516,653.5522481078588,192.00596840324943
229,Herb Jones,16.0,398.0,40.0,85.0,0.3125,11.0,14.0,20.0,30.0,3.125,1.5625,1.125,0.6875,1.25,47.0,6.0,78.57142857142857,47.05882352941177,118.6897728010419,41.94362221766333
230,Kai Jones,5.0,5.0,0.0,0.0,0.0,0.0,0.0,0.0,0.0,0.0,0.0,0.0,0.0,0.6,0.0,0.0,,,,
231,Tre Jones,14.0,113.0,23.0,41.0,0.0,4.0,4.0,1.0,12.0,0.9285714285714286,1.2142857142857142,0.2857142857142857,0.0,0.42857142857142855,8.0,3.5714285714285716,100.0,56.09756097560975,276.13758062315276,100.9665119752542
232,Tyus Jones,17.0,265.0,42.0,81.0,1.0,6.0,7.0,3.0,36.0,2.2941176470588234,3.0,0.6470588235294118,0.058823529411764705,0.5882352941176471,6.0,6.294117647058823,85.71428571428571,51.851851851851855,325.93145098357763,65.73548224859556
233,DeAndre Jordan,16.0,219.0,37.0,51.0,0.0,5.0,8.0,31.0,69.0,6.25,0.4375,0.3125,0.9375,0.6875,27.0,4.9375,62.5,72.54901960784314,1052.9252947429243,-61.29186003093224
234,Cory Joseph,17.0,384.0,43.0,94.0,0.5294117647058824,28.0,34.0,7.0,24.0,1.8235294117647058,3.7058823529411766,0.9411764705882353,0.17647058823529413,1.5294117647058822,29.0,7.235294117647059,82.3529411764706,45.744680851063826,71.08337059215854,212.64793676795608
235,Georgios Kalaitzakis,6.0,42.0,4.0,10.0,0.3333333333333333,3.0,8.0,4.0,4.0,1.3333333333333333,0.0,0.16666666666666666,0.16666666666666666,0.6666666666666666,5.0,2.1666666666666665,37.5,40.0,-16.366316837542882,-111.77511601855934
236,Frank Kaminsky,9.0,181.0,36.0,66.0,0.5555555555555556,18.0,20.0,11.0,30.0,4.555555555555555,1.4444444444444444,0.8888888888888888,0.7777777777777778,0.5555555555555556,14.0,10.555555555555555,90.0,54.54545454545455,376.3395120984777,274.34930388864393
237,Enes Kanter,7.0,76.0,10.0,24.0,0.14285714285714285,7.0,8.0,15.0,19.0,4.857142857142857,0.2857142857142857,0.14285714285714285,0.2857142857142857,0.8571428571428571,12.0,4.0,87.5,41.666666666666664,-24.249125427190563,89.19139595669486
238,Luke Kennard,18.0,496.0,64.0,150.0,2.5,6.0,6.0,3.0,53.0,3.111111111111111,2.0,0.7222222222222222,0.1111111111111111,0.5,24.0,9.944444444444445,100.0,42.666666666666664,-91.1944027340196,151.4497679628813
239,Corey Kispert,16.0,206.0,21.0,54.0,0.5,7.0,8.0,8.0,23.0,1.9375,0.625,0.25,0.1875,0.375,8.0,3.5625,87.5,38.888888888888886,-109.25649673043353,89.19139595669486
240,Maxi Kleber,8.0,169.0,18.0,41.0,1.625,7.0,8.0,8.0,37.0,5.625,1.125,0.625,1.125,0.5,16.0,7.0,87.5,43.90243902439025,-3.4045233299185185,89.19139595669486
241,Nathan Knight,7.0,19.0,3.0,3.0,0.0,6.0,8.0,1.0,4.0,0.7142857142857143,0.42857142857142855,0.14285714285714285,0.14285714285714285,0.2857142857142857,2.0,1.7142857142857142,75.0,100.0,167.72526237184283,1.4497679628813103
242,Kevin Knox,3.0,7.0,0.0,0.0,0.0,1.0,2.0,2.0,0.0,0.6666666666666666,0.3333333333333333,0.0,0.0,0.6666666666666666,1.0,0.3333333333333333,50.0,,,-24.75837200618645
243,John Konchar,15.0,212.0,15.0,39.0,0.13333333333333333,3.0,8.0,14.0,31.0,3.0,1.0666666666666667,0.6666666666666666,0.26666666666666666,0.4666666666666667,20.0,2.3333333333333335,37.5,38.46153846153846,-84.45061121770891,-111.77511601855934
244,Furkan Korkmaz,17.0,436.0,62.0,164.0,2.0,17.0,22.0,5.0,44.0,2.8823529411764706,2.9411764705882355,0.8235294117647058,0.17647058823529413,1.0588235294117647,13.0,10.294117647058824,77.27272727272727,37.80487804878049,-389.7754719575245,42.744039531193906
245,Vit Krejci,3.0,9.0,0.0,2.0,0.0,2.0,2.0,0.0,3.0,1.0,0.0,0.0,0.0,0.3333333333333333,0.0,0.6666666666666666,100.0,0.0,-0.0,50.4832559876271
246,Jonathan Kuminga,11.0,94.0,14.0,36.0,0.09090909090909091,7.0,11.0,7.0,13.0,1.8181818181818181,0.45454545454545453,0.36363636363636365,0.18181818181818182,0.7272727272727273,17.0,3.272727272727273,63.63636363636363,38.888888888888886,-72.83766448695569,-77.8540585887597
247,Kyle Kuzma,17.0,562.0,85.0,208.0,2.2941176470588234,20.0,37.0,20.0,140.0,9.411764705882353,2.411764705882353,0.6470588235294118,0.7647058823529411,1.9411764705882353,36.0,13.470588235294118,54.054054054054056,40.86538461538461,-274.2265404900941,-414.0863590426478
248,Jeremy Lamb,15.0,209.0,35.0,82.0,1.2666666666666666,26.0,26.0,2.0,35.0,2.466666666666667,1.1333333333333333,0.4666666666666667,0.4,0.5333333333333333,15.0,7.666666666666667,100.0,42.68292682926829,-49.30283330411008,656.2823278391523
249,Jock Landale,4.0,11.0,4.0,5.0,0.25,2.0,3.0,2.0,0.0,0.5,0.5,0.0,0.25,0.25,0.0,2.75,66.66666666666667,80.0,143.63368316245712,-16.183410679039554
250,Romeo Langford,14.0,258.0,24.0,60.0,0.7857142857142857,6.0,9.0,13.0,27.0,2.857142857142857,0.5,0.5,0.07142857142857142,0.5714285714285714,20.0,4.642857142857143,66.66666666666667,40.0,-98.1979010252573,-48.55023203711866
251,Zach LaVine,18.0,628.0,171.0,353.0,2.8333333333333335,74.0,84.0,8.0,90.0,5.444444444444445,3.6666666666666665,0.5,0.3333333333333333,2.8333333333333335,26.0,25.944444444444443,88.0952380952381,48.44192634560906,743.9093602941914,986.9280905898224
252,Jake Layman,6.0,27.0,2.0,9.0,0.16666666666666666,0.0,0.0,0.0,3.0,0.5,0.0,0.16666666666666666,0.0,0.16666666666666666,1.0,0.8333333333333334,,22.22222222222222,-43.738713974327,
253,Damion Lee,14.0,301.0,47.0,104.0,1.2857142857142858,17.0,21.0,5.0,37.0,3.0,1.2857142857142858,0.14285714285714285,0.14285714285714285,0.5714285714285714,18.0,9.214285714285714,80.95238095238095,45.19230769230769,51.73423869733272,105.29815208530651
254,Saben Lee,6.0,43.0,3.0,10.0,0.0,4.0,6.0,0.0,4.0,0.6666666666666666,0.6666666666666666,0.3333333333333333,0.0,0.5,2.0,1.6666666666666667,66.66666666666667,30.0,-42.27473762815716,-32.36682135807911
255,Alex Len,10.0,160.0,23.0,44.0,0.3,13.0,20.0,7.0,34.0,4.1,1.2,0.2,1.3,1.2,27.0,6.2,65.0,52.27272727272727,188.16640545685573,-126.85883608042383
256,Caris LeVert,11.0,276.0,63.0,156.0,1.0,19.0,26.0,4.0,27.0,2.8181818181818183,3.0,0.9090909090909091,0.5454545454545454,1.4545454545454546,20.0,14.181818181818182,73.07692307692308,40.38461538461539,-233.53872096053104,-31.947529656003994
257,Kira Lewis Jr.,16.0,250.0,41.0,110.0,0.5625,3.0,5.0,5.0,27.0,2.0,2.25,0.5,0.0,1.5,16.0,5.875,60.0,37.27272727272727,-279.57292940299635,-44.275116018559345
258,Damian Lillard,17.0,605.0,130.0,323.0,2.8823529411764706,61.0,68.0,6.0,61.0,3.9411764705882355,7.9411764705882355,0.7058823529411765,0.4117647058823529,2.588235294117647,24.0,21.764705882352942,89.70588235294117,40.247678018575854,-499.70715480528264,911.7981311520383
259,Nassir Little,18.0,396.0,55.0,112.0,0.9444444444444444,21.0,26.0,26.0,72.0,5.444444444444445,0.7222222222222222,0.8333333333333334,0.6666666666666666,1.0,40.0,8.222222222222221,80.76923076923077,49.107142857142854,275.85600062664236,126.22803402393083
260,Kevon Looney,17.0,311.0,35.0,69.0,0.0,19.0,33.0,43.0,74.0,6.882352941176471,1.2352941176470589,0.5294117647058824,0.7647058823529411,0.6470588235294118,40.0,5.235294117647059,57.57575757575758,50.72463768115942,232.15704651207955,-326.4696741781485
261,Brook Lopez,1.0,28.0,3.0,9.0,2.0,0.0,0.0,2.0,3.0,5.0,0.0,1.0,3.0,0.0,3.0,8.0,,33.333333333333336,-32.274737628157155,
262,Robin Lopez,7.0,90.0,16.0,28.0,0.0,9.0,12.0,11.0,8.0,2.7142857142857144,0.5714285714285714,0.0,0.42857142857142855,0.7142857142857143,8.0,5.857142857142857,75.0,57.142857142857146,208.8204469355428,2.1746519443219654
263,Didi Louzada,2.0,7.0,0.0,3.0,0.0,0.0,0.0,2.0,0.0,1.0,0.5,0.0,0.0,0.0,0.0,0.0,,0.0,-0.0,
264,Kevin Love,10.0,205.0,34.0,92.0,1.2,25.0,27.0,13.0,66.0,7.9,2.0,0.2,0.2,0.9,9.0,10.5,92.5925925925926,36.95652173913044,-242.59195398867962,445.8555146601537
265,Kyle Lowry,16.0,552.0,68.0,167.0,1.875,29.0,32.0,8.0,71.0,4.9375,7.625,1.1875,0.375,3.125,43.0,12.1875,90.625,40.7185628742515,-229.36511078912724,460.132211820593
266,Timothe Luwawu-Cabarrot,11.0,30.0,4.0,15.0,0.2727272727272727,4.0,5.0,0.0,4.0,0.36363636363636365,0.18181818181818182,0.18181818181818182,0.0,0.09090909090909091,0.0,1.3636363636363635,80.0,26.666666666666668,-69.69965017087621,20.966511975254207
267,Trey Lyles,17.0,273.0,36.0,93.0,0.6470588235294118,32.0,43.0,19.0,48.0,3.9411764705882355,0.8235294117647058,0.35294117647058826,0.17647058823529413,1.1176470588235294,19.0,6.764705882352941,74.4186046511628,38.70967741935484,-193.7484644411117,-10.872555360756905
268,Theo Maledon,9.0,128.0,7.0,34.0,0.3333333333333333,3.0,4.0,4.0,12.0,1.7777777777777777,1.3333333333333333,0.2222222222222222,0.0,1.2222222222222223,8.0,2.2222222222222223,75.0,20.58823529411765,-164.52340740687652,0.7248839814406551
269,Sandro Mamukelashvili,7.0,61.0,7.0,15.0,0.42857142857142855,2.0,3.0,3.0,6.0,1.2857142857142858,0.2857142857142857,0.0,0.0,0.2857142857142857,4.0,2.7142857142857144,66.66666666666667,46.666666666666664,18.025612200966606,-16.183410679039554
270,Terance Mann,17.0,483.0,60.0,131.0,1.1176470588235294,22.0,27.0,22.0,57.0,4.647058823529412,2.3529411764705883,0.7058823529411765,0.11764705882352941,1.0,39.0,9.470588235294118,81.48148148148148,45.80152671755725,102.59685049029187,147.90840845649072
271,Tre Mann,10.0,109.0,21.0,46.0,0.6,4.0,8.0,5.0,9.0,1.4,0.2,0.4,0.3,0.5,15.0,5.2,50.0,45.65217391304348,32.77248877681288,-99.0334880247458
272,Boban Marjanovic,9.0,45.0,18.0,26.0,0.0,5.0,10.0,5.0,7.0,1.3333333333333333,0.2222222222222222,0.0,0.1111111111111111,0.5555555555555556,11.0,4.555555555555555,50.0,69.23076923076923,452.5054203849031,-123.79186003093224
273,Lauri Markkanen,9.0,277.0,42.0,114.0,1.8888888888888888,24.0,27.0,12.0,43.0,6.111111111111111,1.4444444444444444,1.1111111111111112,0.8888888888888888,0.8888888888888888,11.0,13.88888888888889,88.88888888888889,36.8421052631579,-304.4779057415686,339.1324051848585
274,Naji Marshall,13.0,182.0,14.0,45.0,0.07692307692307693,20.0,22.0,10.0,39.0,3.769230769230769,1.2307692307692308,0.5384615384615384,0.23076923076923078,1.1538461538461537,18.0,3.769230769230769,90.9090909090909,31.11111111111111,-181.72655337584453,323.01437805808916
275,Caleb Martin,15.0,248.0,32.0,72.0,0.4666666666666667,10.0,17.0,11.0,31.0,2.8,0.5333333333333333,1.0666666666666667,0.5333333333333333,0.5333333333333333,22.0,5.4,58.8235294117647,44.44444444444444,11.291687521879112,-159.34842594421747
276,Cody Martin,19.0,472.0,54.0,118.0,0.8947368421052632,24.0,34.0,27.0,56.0,4.368421052631579,1.9473684210526316,1.3157894736842106,0.47368421052631576,0.42105263157894735,29.0,7.842105263157895,70.58823529411765,45.76271186440678,90.24116337113732,-100.08328108965111
277,Kelan Martin,12.0,205.0,34.0,83.0,1.0,5.0,7.0,6.0,17.0,1.9166666666666667,1.3333333333333333,0.5833333333333334,0.4166666666666667,0.4166666666666667,16.0,7.083333333333333,71.42857142857143,40.963855421686745,-106.34260878176518,-16.64900288807509
278,Kenyon Martin Jr.,16.0,244.0,46.0,80.0,0.375,11.0,17.0,8.0,37.0,2.8125,0.8125,0.5,0.5625,0.4375,12.0,6.8125,64.70588235294117,57.5,616.7873563682568,-110.57738618569802
279,Garrison Mathews,4.0,70.0,8.0,24.0,1.5,3.0,4.0,5.0,4.0,2.25,0.5,0.0,0.25,0.5,7.0,6.25,75.0,33.333333333333336,-86.06596700841908,0.7248839814406551
280,Tyrese Maxey,18.0,641.0,129.0,253.0,1.3333333333333333,54.0,61.0,6.0,58.0,3.5555555555555554,4.611111111111111,0.8888888888888888,0.5555555555555556,1.1666666666666667,42.0,18.666666666666668,88.52459016393442,50.98814229249012,889.6566377204672,743.3757805183905
281,Skylar Mays,7.0,19.0,4.0,5.0,0.14285714285714285,5.0,5.0,0.0,2.0,0.2857142857142857,0.14285714285714285,0.0,0.0,0.2857142857142857,2.0,2.0,100.0,80.0,143.63368316245712,126.20813996906776
282,Miles McBride,5.0,4.0,0.0,4.0,0.0,0.0,0.0,0.0,0.0,0.0,0.0,0.0,0.2,0.0,0.0,0.0,,0.0,-0.0,
283,CJ McCollum,18.0,632.0,146.0,332.0,3.4444444444444446,24.0,34.0,16.0,59.0,4.166666666666667,4.277777777777778,1.1111111111111112,0.7222222222222222,1.8888888888888888,35.0,21.0,70.58823529411765,43.975903614457835,-16.88863685947136,-100.08328108965111
284,T.J. McConnell,19.0,479.0,78.0,154.0,0.3684210526315789,6.0,9.0,13.0,51.0,3.3684210526315788,5.0,1.0526315789473684,0.47368421052631576,1.3157894736842106,36.0,8.894736842105264,66.66666666666667,50.64935064935065,511.5061723172646,-48.55023203711866
285,Jaden McDaniels,17.0,428.0,43.0,100.0,0.7058823529411765,6.0,10.0,26.0,49.0,4.411764705882353,0.9411764705882353,1.0,0.6470588235294118,0.8823529411764706,62.0,6.117647058823529,60.0,43.0,-46.93790600358599,-88.55023203711869
286,Jalen McDaniels,17.0,219.0,29.0,54.0,0.8823529411764706,12.0,20.0,7.0,36.0,2.5294117647058822,0.9411764705882353,0.35294117647058826,0.17647058823529413,0.5882352941176471,25.0,5.0,60.0,53.7037037037037,278.75161033522147,-177.10046407423738
287,Doug McDermott,12.0,307.0,47.0,105.0,2.0833333333333335,6.0,9.0,5.0,22.0,2.25,1.1666666666666667,0.16666666666666666,0.0,0.6666666666666666,15.0,10.416666666666666,66.66666666666667,44.76190476190476,31.505300968394813,-48.55023203711866
288,JaVale McGee,17.0,277.0,79.0,117.0,0.0,17.0,27.0,37.0,78.0,6.764705882352941,0.5882352941176471,0.29411764705882354,0.9411764705882353,1.7058823529411764,47.0,10.294117647058824,62.96296296296296,67.52136752136752,1850.9532766465625,-200.52195373479927
289,Rodney McGruder,7.0,40.0,5.0,13.0,0.2857142857142857,2.0,2.0,2.0,4.0,0.8571428571428571,0.42857142857142855,0.0,0.14285714285714285,0.0,1.0,2.0,100.0,38.46153846153846,-28.150203739236304,50.4832559876271
290,JaQuori McLaughlin,1.0,2.0,0.0,0.0,0.0,0.0,0.0,0.0,0.0,0.0,1.0,0.0,0.0,0.0,0.0,0.0,,,,
291,Jordan McLaughlin,14.0,138.0,10.0,32.0,0.21428571428571427,5.0,7.0,2.0,11.0,0.9285714285714286,1.9285714285714286,0.5714285714285714,0.0,0.6428571428571429,6.0,2.0,71.42857142857143,31.25,-128.4157920938572,-16.64900288807509
292,Ben McLemore,5.0,33.0,6.0,15.0,1.0,2.0,2.0,1.0,0.0,0.2,0.2,0.0,0.0,0.6,2.0,3.8,100.0,40.0,-24.549475256314324,50.4832559876271
293,De'Anthony Melton,15.0,392.0,57.0,144.0,1.8,8.0,10.0,11.0,49.0,4.0,2.3333333333333335,1.6,0.7333333333333333,1.4666666666666666,28.0,9.933333333333334,80.0,39.583333333333336,-256.97001493498595,41.933023950508414
294,Sam Merrill,6.0,58.0,8.0,24.0,1.1666666666666667,2.0,4.0,1.0,6.0,1.1666666666666667,0.6666666666666666,0.0,0.0,0.3333333333333333,3.0,4.166666666666667,50.0,33.333333333333336,-86.06596700841908,-49.5167440123729
295,Chimezie Metu,8.0,171.0,26.0,67.0,1.5,5.0,6.0,5.0,42.0,5.875,1.0,0.75,0.625,1.375,11.0,8.625,83.33333333333333,38.80597014925373,-137.42583556343172,42.8748066357344
296,Khris Middleton,10.0,301.0,61.0,142.0,1.8,37.0,44.0,3.0,45.0,4.8,4.7,1.5,0.2,2.7,18.0,17.7,84.0909090909091,42.95774647887324,-69.16379656126132,345.30387213473784
297,Patty Mills,18.0,486.0,75.0,166.0,3.0,10.0,11.0,5.0,26.0,1.7222222222222223,2.5555555555555554,0.5555555555555556,0.16666666666666666,0.8333333333333334,26.0,11.88888888888889,90.9090909090909,45.18072289156626,81.6857761635406,161.50718902904458
298,Paul Millsap,13.0,138.0,13.0,36.0,0.3076923076923077,8.0,11.0,8.0,34.0,3.230769230769231,0.7692307692307693,0.23076923076923078,0.3076923076923077,0.46153846153846156,25.0,2.923076923076923,72.72727272727273,36.111111111111114,-103.74608527756988,-16.248794231309716
299,Shake Milton,14.0,363.0,67.0,146.0,0.8571428571428571,25.0,28.0,9.0,36.0,3.2142857142857144,3.0,0.5,0.2857142857142857,1.2142857142857142,30.0,12.214285714285714,89.28571428571429,45.89041095890411,120.52172721773226,363.1835569881961
300,Davion Mitchell,18.0,456.0,63.0,171.0,1.1111111111111112,10.0,17.0,11.0,37.0,2.6666666666666665,3.611111111111111,0.7777777777777778,0.2222222222222222,1.0555555555555556,43.0,8.666666666666666,58.8235294117647,36.8421052631579,-456.7168586123529,-159.34842594421747
301,Donovan Mitchell,16.0,515.0,141.0,327.0,3.0625,53.0,61.0,18.0,52.0,4.375,4.875,1.875,0.1875,2.9375,45.0,24.0,86.88524590163935,43.11926605504587,-137.09615476191897,642.7243164590038
302,Evan Mobley,15.0,506.0,87.0,176.0,0.5333333333333333,37.0,48.0,26.0,94.0,8.0,2.466666666666667,1.0,1.6,1.8,30.0,14.6,77.08333333333333,49.43181818181818,464.60079060162394,86.02356910443457
303,Malik Monk,19.0,426.0,62.0,144.0,1.368421052631579,17.0,21.0,8.0,33.0,2.1578947368421053,2.1578947368421053,0.6842105263157895,0.2631578947368421,1.2105263157894737,21.0,8.789473684210526,80.95238095238095,43.05555555555556,-64.23346653747014,105.29815208530651
304,Moses Moody,14.0,85.0,10.0,26.0,0.14285714285714285,1.0,2.0,1.0,10.0,0.7857142857142857,0.21428571428571427,0.0,0.14285714285714285,0.07142857142857142,4.0,1.6428571428571428,50.0,38.46153846153846,-56.30040747847261,-24.75837200618645
305,Ja Morant,17.0,576.0,162.0,338.0,1.8235294117647058,78.0,100.0,20.0,79.0,5.823529411764706,7.0,1.588235294117647,0.23529411764705882,3.2941176470588234,24.0,25.470588235294116,78.0,47.928994082840234,621.6612094996311,252.84698351745703
306,Marcus Morris Sr.,3.0,86.0,11.0,30.0,1.6666666666666667,2.0,3.0,0.0,6.0,2.0,0.3333333333333333,0.6666666666666666,1.0,1.6666666666666667,10.0,9.666666666666666,66.66666666666667,36.666666666666664,-81.67403796990962,-16.183410679039554
307,Markieff Morris,10.0,187.0,32.0,70.0,0.8,5.0,5.0,13.0,15.0,2.8,1.4,0.3,0.1,1.2,22.0,7.7,100.0,45.714285714285715,51.92660815679983,126.20813996906776
308,Monte Morris,18.0,530.0,88.0,192.0,1.1666666666666667,5.0,8.0,6.0,42.0,2.6666666666666665,4.0,0.8333333333333334,0.1111111111111111,1.3333333333333333,32.0,11.222222222222221,62.5,45.833333333333336,153.27436290739013,-61.29186003093224
309,Mychal Mulder,6.0,56.0,10.0,30.0,1.1666666666666667,2.0,2.0,2.0,5.0,1.1666666666666667,0.16666666666666666,0.0,0.0,0.3333333333333333,4.0,4.833333333333333,100.0,33.333333333333336,-107.58245876052385,50.4832559876271
310,Trey Murphy III,19.0,304.0,28.0,86.0,1.1578947368421053,9.0,10.0,12.0,36.0,2.526315789473684,0.631578947368421,0.3684210526315789,0.21052631578947367,0.47368421052631576,21.0,4.578947368421052,90.0,32.55813953488372,-322.93631088605594,137.17465194432197
311,Dejounte Murray,16.0,554.0,124.0,280.0,1.125,24.0,36.0,11.0,121.0,8.25,8.0,2.0625,0.5,2.3125,33.0,18.125,66.66666666666667,44.285714285714285,24.072749464741946,-194.20092814847465
312,Mike Muscala,13.0,191.0,36.0,78.0,1.6923076923076923,23.0,29.0,6.0,41.0,3.6153846153846154,0.46153846153846156,0.38461538461538464,0.6153846153846154,0.38461538461538464,18.0,9.0,79.3103448275862,46.15384615384615,74.24161000057558,104.69537489219444
313,Svi Mykhailiuk,18.0,323.0,46.0,97.0,1.1111111111111112,18.0,20.0,12.0,33.0,2.5,1.1666666666666667,0.7222222222222222,0.05555555555555555,0.8333333333333334,25.0,7.222222222222222,90.0,47.422680412371136,153.2306553373291,274.34930388864393
314,Abdel Nader,14.0,145.0,12.0,35.0,0.2857142857142857,6.0,10.0,4.0,23.0,1.9285714285714286,0.5,0.5714285714285714,0.2857142857142857,0.7857142857142857,20.0,2.4285714285714284,60.0,34.285714285714285,-117.67037908405723,-88.55023203711869
315,Larry Nance Jr.,18.0,342.0,49.0,87.0,0.5,12.0,19.0,29.0,63.0,5.111111111111111,1.5,0.8333333333333334,0.4444444444444444,0.9444444444444444,29.0,6.611111111111111,63.1578947368421,56.32183908045977,599.2827336826283,-139.20572723213215
316,RJ Nembhard,2.0,3.0,1.0,1.0,0.0,0.0,0.0,0.0,1.0,0.5,0.5,0.0,0.0,0.0,0.0,1.0,,100.0,55.90842079061428,
317,Aaron Nesmith,15.0,136.0,12.0,43.0,0.4,2.0,2.0,6.0,18.0,1.6,0.3333333333333333,0.2,0.0,0.5333333333333333,14.0,2.1333333333333333,100.0,27.906976744186046,-194.2152295823961,50.4832559876271
318,Raul Neto,16.0,318.0,49.0,102.0,0.375,11.0,17.0,1.0,29.0,1.875,2.5,0.875,0.0625,1.5625,33.0,7.1875,64.70588235294117,48.03921568627451,193.43418736755066,-110.57738618569802
319,Georges Niang,18.0,462.0,75.0,171.0,2.2777777777777777,22.0,24.0,5.0,45.0,2.7777777777777777,1.7222222222222223,0.7222222222222222,0.2777777777777778,0.7222222222222222,50.0,11.833333333333334,91.66666666666667,43.85964912280702,-17.394756493402497,371.9824825305649
320,Zeke Nnaji,6.0,65.0,16.0,30.0,1.3333333333333333,5.0,8.0,8.0,18.0,4.333333333333333,0.0,0.0,0.5,0.6666666666666666,4.0,7.5,62.5,53.333333333333336,147.86806598316184,-61.29186003093224
321,Nerlens Noel,7.0,179.0,12.0,22.0,0.0,7.0,7.0,18.0,27.0,6.428571428571429,0.8571428571428571,1.4285714285714286,1.8571428571428572,1.2857142857142858,25.0,4.428571428571429,100.0,54.54545454545455,125.44650403282591,176.69139595669486
322,Jaylen Nowell,8.0,44.0,6.0,22.0,0.0,2.0,2.0,3.0,6.0,1.125,1.0,0.375,0.25,0.125,1.0,1.75,100.0,27.272727272727273,-100.91311161995068,50.4832559876271
323,Frank Ntilikina,15.0,213.0,27.0,75.0,0.9333333333333333,12.0,12.0,3.0,26.0,1.9333333333333333,1.4666666666666666,0.6666666666666666,0.2,0.6666666666666666,18.0,5.333333333333333,100.0,36.0,-218.47263865341446,302.8995359257626
324,Jusuf Nurkic,18.0,435.0,75.0,133.0,0.16666666666666666,41.0,53.0,46.0,151.0,10.944444444444445,2.111111111111111,1.3333333333333333,0.6111111111111112,2.0,47.0,10.777777777777779,77.35849056603773,56.390977443609025,922.4548675667478,106.60486095390256
325,David Nwaba,15.0,176.0,23.0,52.0,0.06666666666666667,14.0,22.0,8.0,38.0,3.066666666666667,0.6666666666666666,0.6666666666666666,0.26666666666666666,0.5333333333333333,15.0,4.066666666666666,63.63636363636363,44.23076923076923,3.2013704918207964,-155.7081171775194
326,Jordan Nwora,16.0,329.0,51.0,130.0,1.4375,9.0,11.0,7.0,53.0,3.75,1.375,0.1875,0.5,1.0625,19.0,8.375,81.81818181818181,39.23076923076923,-247.90130890944084,63.53828830795828
327,Royce O'Neale,17.0,526.0,49.0,102.0,1.4705882352941178,10.0,15.0,16.0,64.0,4.705882352941177,2.2941176470588234,1.4705882352941178,0.5882352941176471,1.2941176470588236,38.0,7.823529411764706,66.66666666666667,48.03921568627451,193.43418736755066,-80.91705339519777
328,Semi Ojeleye,11.0,218.0,12.0,47.0,0.5454545454545454,3.0,5.0,21.0,19.0,3.6363636363636362,0.36363636363636365,0.36363636363636365,0.45454545454545453,0.45454545454545453,17.0,3.0,60.0,25.53191489361702,-222.7159717892244,-44.275116018559345
329,Chuma Okeke,12.0,248.0,35.0,83.0,0.8333333333333334,16.0,17.0,8.0,36.0,3.6666666666666665,1.1666666666666667,0.6666666666666666,0.16666666666666666,0.8333333333333334,16.0,8.0,94.11764705882354,42.16867469879518,-67.30165787066895,309.7484008421934
330,Josh Okogie,11.0,160.0,10.0,31.0,0.2727272727272727,8.0,16.0,12.0,19.0,2.8181818181818183,0.9090909090909091,0.7272727272727273,0.2727272727272727,0.7272727272727273,13.0,2.8181818181818183,50.0,32.25806451612903,-118.33514693256689,-198.0669760494916
331,Isaac Okoro,11.0,328.0,31.0,84.0,0.5454545454545454,18.0,25.0,18.0,33.0,4.636363636363637,1.7272727272727273,1.0,0.2727272727272727,1.0909090909090908,25.0,7.818181818181818,72.0,36.904761904761905,-222.79133644333828,-49.65069611135607
332,KZ Okpala,8.0,47.0,4.0,15.0,0.125,2.0,2.0,4.0,7.0,1.375,0.25,0.125,0.0,0.0,4.0,1.375,100.0,26.666666666666668,-69.69965017087621,50.4832559876271
333,Kelly Olynyk,10.0,230.0,45.0,98.0,1.4,21.0,35.0,13.0,40.0,5.3,2.3,1.4,0.7,1.5,27.0,12.5,60.0,45.91836734693877,82.20546618988735,-309.9258121299154
334,Eugene Omoruyi,2.0,10.0,2.0,4.0,0.5,2.0,4.0,1.0,4.0,2.5,0.5,0.0,0.0,0.0,1.0,3.5,50.0,50.0,11.816841581228559,-49.5167440123729
335,Miye Oni,8.0,19.0,1.0,2.0,0.0,0.0,1.0,0.0,3.0,0.375,0.25,0.0,0.0,0.0,2.0,0.25,0.0,50.0,5.908420790614279,-0.0
336,Cedi Osman,15.0,327.0,57.0,121.0,2.4,15.0,22.0,6.0,33.0,2.6,1.6,0.6666666666666666,0.2,0.8666666666666667,24.0,11.0,68.18181818181819,47.107438016528924,171.90395200716262,-98.64830736552392
337,Kelly Oubre Jr.,19.0,496.0,94.0,218.0,2.3684210526315788,20.0,31.0,23.0,55.0,4.105263157894737,1.0526315789473684,0.7894736842105263,0.21052631578947367,1.0,48.0,13.31578947368421,64.51612903225806,43.11926605504587,-91.39743650794598,-204.84485947856768
338,Kevin Pangos,5.0,13.0,1.0,3.0,0.2,1.0,2.0,1.0,0.0,0.2,0.0,0.0,0.0,0.2,2.0,0.8,50.0,33.333333333333336,-10.758245876052385,-24.75837200618645
339,Jabari Parker,5.0,55.0,11.0,20.0,0.8,2.0,2.0,0.0,10.0,2.0,0.6,0.4,0.2,0.8,8.0,5.6,100.0,55.0,119.99262869675707,50.4832559876271
340,Eric Paschall,16.0,214.0,22.0,52.0,0.5625,12.0,17.0,12.0,23.0,2.1875,0.8125,0.125,0.125,0.5,12.0,4.0625,70.58823529411765,42.30769230769231,-39.24551183725511,-50.041640544825555
341,Chris Paul,17.0,539.0,85.0,181.0,0.9411764705882353,51.0,59.0,6.0,62.0,4.0,10.294117647058824,2.235294117647059,0.35294117647058826,2.2941176470588234,33.0,13.941176470588236,86.44067796610169,46.96132596685083,243.92847438453424,595.7976039556772
342,Cameron Payne,12.0,206.0,39.0,99.0,1.1666666666666667,26.0,32.0,5.0,28.0,2.75,2.6666666666666665,0.6666666666666666,0.3333333333333333,1.6666666666666667,19.0,9.833333333333334,81.25,39.39393939393939,-183.20795280240685,168.78232783915234
343,Elfrid Payton,6.0,83.0,16.0,30.0,0.0,4.0,8.0,5.0,14.0,3.1666666666666665,2.8333333333333335,0.5,0.0,1.1666666666666667,8.0,6.0,50.0,53.333333333333336,147.86806598316184,-99.0334880247458
344,Gary Payton II,16.0,225.0,39.0,56.0,0.5625,16.0,25.0,17.0,34.0,3.1875,0.8125,1.375,0.125,0.4375,28.0,6.4375,64.0,69.64285714285714,996.4998394053853,-172.13395209898317
345,Jamorko Pickett,3.0,9.0,1.0,1.0,0.3333333333333333,0.0,0.0,0.0,0.0,0.0,0.0,0.0,0.0,0.3333333333333333,0.0,1.0,,100.0,55.90842079061428,
346,Mason Plumlee,19.0,501.0,57.0,96.0,0.0,15.0,49.0,47.0,90.0,7.2105263157894735,2.789473684210526,0.8947368421052632,1.0,1.2105263157894737,59.0,6.7894736842105265,30.612244897959183,59.375,871.1549850650139,-662.191906623409
347,Jakob Poeltl,9.0,256.0,54.0,82.0,0.0,6.0,21.0,42.0,37.0,8.777777777777779,2.3333333333333335,0.6666666666666666,1.0,1.5555555555555556,27.0,12.666666666666666,28.571428571428573,65.85365853658537,1175.1522836687811,-277.12166060854724
348,Aleksej Pokusevski,17.0,252.0,33.0,96.0,0.5294117647058824,5.0,8.0,16.0,57.0,4.294117647058823,1.2941176470588236,0.4117647058823529,0.4117647058823529,1.2352941176470589,18.0,4.705882352941177,62.5,34.375,-320.6471139097288,-61.29186003093224
349,Yves Pons,1.0,3.0,0.0,1.0,0.0,0.0,0.0,1.0,0.0,1.0,0.0,0.0,0.0,0.0,0.0,0.0,,0.0,-0.0,
350,Jordan Poole,17.0,506.0,115.0,251.0,2.7058823529411766,37.0,40.0,5.0,46.0,3.0,3.176470588235294,1.1764705882352942,0.23529411764705882,2.6470588235294117,49.0,18.41176470588235,92.5,45.81673306772908,198.39269370948657,656.4402357711015
351,Kevin Porter Jr.,14.0,431.0,62.0,171.0,1.7142857142857142,30.0,47.0,14.0,44.0,4.142857142857143,5.071428571428571,1.2857142857142858,0.42857142857142855,4.214285714285714,37.0,12.714285714285714,63.829787234042556,36.25730994152047,-485.7246946076457,-327.8575431643168
352,Michael Porter Jr.,9.0,265.0,37.0,103.0,1.1111111111111112,5.0,9.0,9.0,50.0,6.555555555555555,1.8888888888888888,1.1111111111111112,0.2222222222222222,1.3333333333333333,16.0,9.88888888888889,55.55555555555556,35.922330097087375,-302.2622171550388,-96.01408225315446
353,Otto Porter Jr.,15.0,260.0,35.0,77.0,1.4666666666666666,7.0,8.0,12.0,53.0,4.333333333333333,1.0666666666666667,0.8666666666666667,0.4,0.6,18.0,6.6,87.5,45.45454545454545,47.70381858059064,89.19139595669486
354,Bobby Portis,13.0,360.0,76.0,160.0,1.8461538461538463,16.0,22.0,36.0,74.0,8.461538461538462,1.3846153846153846,0.7692307692307693,0.8461538461538461,1.6153846153846154,31.0,14.76923076923077,72.72727272727273,47.5,259.0399800866852,-32.49758846261943
355,Kristaps Porzingis,12.0,365.0,90.0,194.0,2.0,49.0,55.0,33.0,65.0,8.166666666666666,1.9166666666666667,0.8333333333333334,1.5,1.6666666666666667,30.0,21.083333333333332,89.0909090909091,46.391752577319586,207.0156031140479,702.2943171514096
356,Dwight Powell,17.0,364.0,44.0,75.0,0.35294117647058826,18.0,30.0,39.0,49.0,5.176470588235294,1.1764705882352942,0.5882352941176471,0.7647058823529411,0.8235294117647058,44.0,6.588235294117647,60.0,58.666666666666664,641.3038481203615,-265.65069611135607
357,Norman Powell,16.0,463.0,92.0,185.0,1.875,53.0,65.0,7.0,34.0,2.5625,1.625,0.9375,0.4375,1.0,30.0,16.6875,81.53846153846153,49.729729729729726,518.7098478716485,359.3447452105795
358,Joshua Primo,3.0,9.0,2.0,2.0,0.3333333333333333,0.0,0.0,1.0,0.0,0.3333333333333333,0.3333333333333333,0.0,0.0,0.0,0.0,1.6666666666666667,,100.0,111.81684158122856,
359,Taurean Prince,15.0,200.0,19.0,57.0,0.6,9.0,12.0,6.0,22.0,1.8666666666666667,0.7333333333333333,0.4,0.06666666666666667,0.6,19.0,3.7333333333333334,75.0,33.333333333333336,-204.4066716449953,2.1746519443219654
360,Payton Pritchard,16.0,144.0,9.0,42.0,0.4375,2.0,2.0,6.0,14.0,1.25,1.125,0.0,0.125,0.6875,14.0,1.6875,100.0,21.428571428571427,-203.96707002732865,50.4832559876271
361,Immanuel Quickley,18.0,331.0,50.0,127.0,1.6666666666666667,31.0,34.0,7.0,28.0,1.9444444444444444,2.1666666666666665,0.5555555555555556,0.0,0.8333333333333334,28.0,8.944444444444445,91.17647058823529,39.37007874015748,-236.07502346141194,508.9610560435141
362,Jahmi'us Ramsey,5.0,31.0,3.0,8.0,0.2,0.0,2.0,0.0,0.0,0.0,0.4,0.0,0.2,0.0,2.0,1.4,0.0,37.5,-19.774737628157162,-0.0
363,Julius Randle,18.0,637.0,129.0,306.0,2.0555555555555554,72.0,96.0,33.0,153.0,10.333333333333334,5.111111111111111,0.6111111111111112,0.7222222222222222,3.3333333333333335,52.0,20.38888888888889,75.0,42.15686274509804,-249.57842389311097,17.397215554575723
364,Austin Reaves,10.0,213.0,22.0,46.0,0.9,8.0,8.0,2.0,18.0,2.0,1.0,0.3,0.2,0.8,21.0,6.1,100.0,47.82608695652174,82.15917043699247,201.9330239505084
365,Cam Reddish,18.0,414.0,74.0,181.0,1.6111111111111112,35.0,40.0,17.0,38.0,3.0555555555555554,0.8888888888888888,1.1111111111111112,0.16666666666666666,1.3888888888888888,27.0,11.777777777777779,87.5,40.88397790055249,-237.36249685365925,445.9569797834743
366,Paul Reed,13.0,135.0,18.0,34.0,0.0,0.0,0.0,16.0,21.0,2.8461538461538463,0.6153846153846154,0.6923076923076923,0.6153846153846154,0.46153846153846156,21.0,2.769230769230769,,52.94117647058823,159.29275070164522,
367,Naz Reid,15.0,228.0,48.0,98.0,0.8,20.0,28.0,19.0,28.0,3.1333333333333333,0.8,0.6666666666666666,1.0666666666666667,0.6666666666666666,36.0,8.533333333333333,71.42857142857143,48.97959183673469,234.6246061127506,-66.59601155230035
368,Nick Richards,14.0,126.0,22.0,34.0,0.0,8.0,11.0,14.0,14.0,2.0,0.2857142857142857,0.2857142857142857,0.6428571428571429,0.7142857142857143,23.0,3.7142857142857144,72.72727272727273,64.70588235294117,453.51466915822,-16.248794231309716
369,Josh Richardson,14.0,348.0,47.0,102.0,1.0714285714285714,15.0,19.0,10.0,34.0,3.142857142857143,1.2142857142857142,0.5714285714285714,0.5714285714285714,0.7857142857142857,26.0,8.857142857142858,78.94736842105263,46.07843137254902,93.38205166867505,62.83494622299273
370,Austin Rivers,16.0,282.0,24.0,69.0,0.75,3.0,6.0,6.0,18.0,1.5,0.8125,0.5625,0.125,0.625,20.0,3.9375,50.0,34.78260869565217,-223.41529232960517,-74.27511601855934
371,Duncan Robinson,18.0,515.0,67.0,183.0,2.9444444444444446,5.0,8.0,8.0,63.0,3.9444444444444446,1.3888888888888888,0.8333333333333334,0.3333333333333333,0.8333333333333334,57.0,10.666666666666666,62.5,36.612021857923494,-501.1303425479692,-61.29186003093224
372,Justin Robinson,15.0,195.0,18.0,56.0,0.6666666666666666,2.0,2.0,2.0,11.0,0.8666666666666667,1.4,0.5333333333333333,0.0,0.6666666666666666,17.0,3.2,100.0,32.142857142857146,-215.07699719751434,50.4832559876271
373,Mitchell Robinson,15.0,385.0,43.0,53.0,0.0,21.0,35.0,43.0,71.0,7.6,0.8,0.4,1.6666666666666667,0.6666666666666666,43.0,7.133333333333334,60.0,81.13207547169812,1592.741339279433,-309.9258121299154
374,Jeremiah Robinson-Earl,17.0,356.0,45.0,102.0,1.1176470588235294,7.0,11.0,28.0,65.0,5.470588235294118,0.7058823529411765,0.7058823529411765,0.35294117647058826,0.8235294117647058,22.0,6.823529411764706,63.63636363636363,44.11764705882353,1.173053224701377,-77.8540585887597
375,Isaiah Roby,9.0,94.0,19.0,39.0,0.3333333333333333,6.0,6.0,10.0,12.0,2.4444444444444446,0.6666666666666666,0.1111111111111111,0.2222222222222222,0.4444444444444444,11.0,5.222222222222222,100.0,48.717948717948715,87.90102066269691,151.4497679628813
376,Rajon Rondo,13.0,199.0,18.0,60.0,0.5384615384615384,0.0,0.0,7.0,21.0,2.1538461538461537,3.769230769230769,0.8461538461538461,0.23076923076923078,1.6923076923076923,19.0,3.3076923076923075,,30.0,-253.64842576894296,
377,Derrick Rose,17.0,390.0,81.0,180.0,1.5294117647058822,16.0,17.0,12.0,35.0,2.764705882352941,3.3529411764705883,1.0,0.6470588235294118,1.411764705882353,10.0,12.0,94.11764705882354,45.0,73.58208403975664,309.7484008421934
378,Terrence Ross,18.0,468.0,64.0,165.0,1.4444444444444444,33.0,42.0,4.0,29.0,1.8333333333333333,2.0555555555555554,0.6111111111111112,0.16666666666666666,1.3333333333333333,21.0,10.38888888888889,78.57142857142857,38.78787878787879,-339.4368269764436,125.83086665299
379,Terry Rozier,14.0,441.0,84.0,208.0,2.142857142857143,25.0,29.0,11.0,42.0,3.7857142857142856,3.142857142857143,0.9285714285714286,0.35714285714285715,1.5714285714285714,22.0,15.928571428571429,86.20689655172414,40.38461538461539,-311.384961280708,286.21311363844234
380,Ricky Rubio,18.0,532.0,90.0,236.0,2.1666666666666665,52.0,58.0,9.0,60.0,3.8333333333333335,6.277777777777778,1.2777777777777777,0.16666666666666666,3.1666666666666665,39.0,15.055555555555555,89.65517241379311,38.13559322033898,-536.0387390142064,774.6336211955464
381,D'Angelo Russell,15.0,465.0,95.0,250.0,2.8,42.0,52.0,6.0,46.0,3.466666666666667,5.666666666666667,0.8666666666666667,0.6666666666666666,2.466666666666667,32.0,18.266666666666666,80.76923076923077,38.0,-578.7000248916435,252.45606804786166
382,Domantas Sabonis,19.0,645.0,134.0,234.0,0.8421052631578947,57.0,81.0,55.0,156.0,11.105263157894736,3.6842105263157894,1.263157894736842,0.3684210526315789,3.1052631578947367,61.0,17.94736842105263,70.37037037037037,57.26495726495727,1765.2326594465874,-250.11609324151664
383,Tomas Satoransky,14.0,229.0,14.0,46.0,0.14285714285714285,6.0,8.0,8.0,21.0,2.0714285714285716,2.0,0.35714285714285715,0.0,0.8571428571428571,18.0,2.5714285714285716,75.0,30.434782608695652,-191.19515240966095,1.4497679628813103
384,Dennis Schroder,18.0,592.0,119.0,261.0,1.5,58.0,64.0,16.0,52.0,3.7777777777777777,4.888888888888889,1.0555555555555556,0.05555555555555555,2.9444444444444446,43.0,17.944444444444443,90.625,45.593869731800766,178.77257216739034,920.264423641186
385,Jay Scrubb,6.0,32.0,9.0,19.0,0.5,1.0,2.0,0.0,3.0,0.5,0.3333333333333333,0.16666666666666666,0.16666666666666666,0.16666666666666666,3.0,3.6666666666666665,50.0,47.36842105263158,29.491576589212755,-24.75837200618645
386,Wayne Selden,1.0,1.0,0.0,0.0,0.0,0.0,0.0,0.0,0.0,0.0,0.0,0.0,0.0,0.0,0.0,0.0,,,,
387,Alperen Sengun,16.0,300.0,47.0,99.0,0.4375,39.0,58.0,23.0,54.0,4.8125,2.4375,1.25,0.5,2.0,49.0,8.75,67.24137931034483,47.474747474747474,159.00890847200242,-293.1627151378233
388,Collin Sexton,11.0,316.0,68.0,151.0,1.0,29.0,39.0,13.0,23.0,3.272727272727273,2.090909090909091,0.9090909090909091,0.0,2.8181818181818183,25.0,16.0,74.35897435897436,45.033112582781456,64.02426939091,-11.582531769150421
389,Landry Shamet,16.0,297.0,38.0,99.0,1.75,16.0,18.0,4.0,36.0,2.5,1.6875,0.375,0.125,0.375,14.0,7.5,88.88888888888889,38.38383838383838,-216.8941513707989,226.088270123239
390,Day'Ron Sharpe,7.0,33.0,7.0,14.0,0.14285714285714285,2.0,4.0,6.0,9.0,2.142857142857143,0.0,0.2857142857142857,0.2857142857142857,0.8571428571428571,4.0,2.4285714285714284,50.0,50.0,41.358945534299956,-49.5167440123729
391,Pascal Siakam,7.0,224.0,44.0,91.0,1.5714285714285714,26.0,35.0,14.0,32.0,6.571428571428571,3.5714285714285716,1.0,0.8571428571428571,2.4285714285714284,22.0,17.857142857142858,74.28571428571429,48.35164835164835,187.4430422595557,-12.289100732276069
392,Marko Simonovic,1.0,7.0,0.0,1.0,0.0,1.0,2.0,0.0,1.0,1.0,0.0,0.0,0.0,1.0,0.0,1.0,50.0,0.0,-0.0,-24.75837200618645
393,Anfernee Simons,18.0,401.0,78.0,173.0,1.8888888888888888,18.0,19.0,11.0,34.0,2.5,2.111111111111111,0.3888888888888889,0.1111111111111111,1.0555555555555556,25.0,11.555555555555555,94.73684210526316,45.08670520231214,77.61982744826062,359.6124617833809
394,Jericho Sims,6.0,29.0,1.0,1.0,0.0,1.0,2.0,0.0,6.0,1.0,0.0,0.16666666666666666,0.16666666666666666,0.16666666666666666,2.0,0.5,50.0,100.0,55.90842079061428,-24.75837200618645
395,Marcus Smart,17.0,593.0,59.0,156.0,1.2941176470588236,29.0,40.0,7.0,56.0,3.7058823529411766,5.352941176470588,2.2941176470588234,0.29411764705882354,1.7647058823529411,35.0,9.941176470588236,72.5,37.82051282051282,-369.99291694350126,-65.492788179407
396,Dennis Smith Jr.,8.0,98.0,8.0,19.0,0.25,5.0,9.0,1.0,10.0,1.375,2.375,1.375,0.25,1.375,7.0,2.875,55.55555555555556,42.10526315789474,-15.890528411927846,-96.01408225315446
397,Ish Smith,15.0,205.0,31.0,80.0,0.06666666666666667,3.0,8.0,1.0,17.0,1.2,2.4,0.4666666666666667,0.26666666666666666,0.9333333333333333,10.0,4.4,37.5,38.75,-165.58895549095735,-111.77511601855934
398,Jalen Smith,5.0,30.0,4.0,10.0,0.0,5.0,5.0,4.0,9.0,2.6,0.0,0.2,0.2,0.2,3.0,2.6,100.0,40.0,-16.366316837542882,126.20813996906776
399,Tony Snell,12.0,111.0,5.0,18.0,0.4166666666666667,0.0,0.0,1.0,10.0,0.9166666666666666,0.4166666666666667,0.08333333333333333,0.16666666666666666,0.16666666666666666,12.0,1.25,,27.77777777777778,-81.56900715803971,
400,Jaden Springer,1.0,2.0,0.0,0.0,0.0,0.0,0.0,0.0,0.0,0.0,0.0,0.0,0.0,0.0,0.0,0.0,,,,
401,Lamar Stevens,9.0,91.0,7.0,26.0,0.2222222222222222,1.0,1.0,7.0,7.0,1.5555555555555556,0.1111111111111111,0.2222222222222222,0.1111111111111111,0.2222222222222222,9.0,1.8888888888888888,100.0,26.923076923076923,-120.17951600416158,25.24162799381355
402,Isaiah Stewart,16.0,379.0,54.0,99.0,0.0625,8.0,10.0,35.0,78.0,7.0625,1.125,0.375,1.1875,0.9375,38.0,7.3125,80.0,54.54545454545455,564.5092681477166,41.933023950508414
403,Max Strus,12.0,231.0,28.0,67.0,1.5833333333333333,3.0,7.0,3.0,39.0,3.5,0.75,0.3333333333333333,0.16666666666666666,0.5,14.0,6.5,42.857142857142854,41.791044776119406,-64.4149641314568,-95.70368744713079
404,Jalen Suggs,17.0,466.0,68.0,210.0,1.2941176470588236,42.0,53.0,15.0,43.0,3.411764705882353,3.411764705882353,0.9411764705882353,0.4117647058823529,3.235294117647059,46.0,11.764705882352942,79.24528301886792,32.38095238095238,-796.3226243334672,188.45026253262193
405,Jae'Sean Tate,17.0,464.0,74.0,155.0,0.6470588235294118,30.0,41.0,39.0,79.0,6.9411764705882355,1.8235294117647058,0.7058823529411765,0.5882352941176471,1.7647058823529411,55.0,11.117647058823529,73.17073170731707,47.74193548387097,270.12636431190833,-47.62920896608122
406,Jayson Tatum,18.0,661.0,166.0,403.0,2.888888888888889,79.0,98.0,18.0,134.0,8.444444444444445,3.5,0.9444444444444444,0.8888888888888888,2.5,48.0,25.72222222222222,80.61224489795919,41.19106699751861,-481.48502716994017,462.4559584500463
407,Garrett Temple,17.0,334.0,33.0,85.0,1.0588235294117647,14.0,18.0,13.0,35.0,2.823529411764706,1.2941176470588236,0.8823529411764706,0.6470588235294118,1.1176470588235294,28.0,5.764705882352941,77.77777777777777,38.8235294117647,-173.84564332149358,42.271680802278524
408,Daniel Theis,15.0,350.0,50.0,103.0,0.9333333333333333,15.0,20.0,16.0,54.0,4.666666666666667,0.7333333333333333,0.4666666666666667,0.5333333333333333,1.2666666666666666,38.0,8.6,75.0,48.54368932038835,222.60550555013162,3.6244199072032757
409,Brodric Thomas,2.0,2.0,0.0,0.0,0.0,0.0,0.0,1.0,0.0,0.5,0.0,0.0,0.0,0.5,0.0,0.0,,,,
410,Cameron Thomas,11.0,69.0,9.0,31.0,0.18181818181818182,3.0,3.0,1.0,7.0,0.7272727272727273,0.45454545454545453,0.2727272727272727,0.18181818181818182,0.18181818181818182,1.0,2.090909090909091,100.0,29.032258064516128,-135.53389030382633,75.72488398144066
411,Matt Thomas,6.0,25.0,3.0,14.0,0.16666666666666666,0.0,0.0,0.0,2.0,0.3333333333333333,0.0,0.16666666666666666,0.16666666666666666,0.0,1.0,1.1666666666666667,,21.428571428571427,-67.98902334244288,
412,Tristan Thompson,12.0,157.0,23.0,46.0,0.0,11.0,17.0,26.0,38.0,5.333333333333333,0.4166666666666667,0.3333333333333333,0.25,0.6666666666666666,21.0,4.75,64.70588235294117,50.0,135.89367818412842,-110.57738618569802
413,JT Thor,2.0,2.0,0.0,0.0,0.0,0.0,0.0,0.0,0.0,0.0,0.0,0.0,0.0,0.0,0.0,0.0,,,,
414,Matisse Thybulle,11.0,279.0,28.0,53.0,0.7272727272727273,6.0,6.0,5.0,18.0,2.090909090909091,1.0909090909090908,2.272727272727273,1.5454545454545454,0.8181818181818182,18.0,6.363636363636363,100.0,52.83018867924528,244.68106515606772,151.4497679628813
415,Killian Tillie,5.0,30.0,1.0,11.0,0.2,0.0,0.0,3.0,2.0,1.0,0.0,0.6,0.4,0.2,4.0,0.6,,9.090909090909092,-35.00067011847663,
416,Xavier Tillman Sr.,12.0,157.0,20.0,46.0,0.08333333333333333,7.0,9.0,13.0,24.0,3.0833333333333335,1.0833333333333333,1.25,0.16666666666666666,0.5,9.0,4.0,77.77777777777777,43.47826086956522,-12.26636679641004,21.135840401139262
417,Isaiah Todd,3.0,7.0,2.0,5.0,0.6666666666666666,1.0,2.0,0.0,1.0,0.3333333333333333,0.0,0.3333333333333333,0.3333333333333333,0.0,0.0,2.3333333333333335,50.0,40.0,-8.183158418771441,-24.75837200618645
418,Obi Toppin,18.0,276.0,56.0,101.0,0.3333333333333333,27.0,37.0,18.0,47.0,3.611111111111111,1.0555555555555556,0.3333333333333333,0.8333333333333334,0.8888888888888888,30.0,8.055555555555555,72.97297297297297,55.445544554455445,635.8220593239046,-48.20577389676396
419,Juan Toscano-Anderson,16.0,225.0,22.0,50.0,0.5,8.0,10.0,5.0,31.0,2.25,1.9375,0.6875,0.375,0.875,20.0,3.75,80.0,44.0,-2.0147426064858536,41.933023950508414
420,Karl-Anthony Towns,17.0,592.0,140.0,277.0,2.8823529411764706,68.0,81.0,50.0,108.0,9.294117647058824,3.2941176470588234,1.3529411764705883,1.1176470588235294,3.411764705882353,57.0,23.352941176470587,83.95061728395062,50.541516245487365,902.9911850542303,625.0726788879638
421,Gary Trent Jr.,18.0,617.0,115.0,266.0,2.6666666666666665,29.0,32.0,11.0,48.0,3.2777777777777777,1.5555555555555556,2.111111111111111,0.3888888888888889,1.0,42.0,17.055555555555557,90.625,43.233082706766915,-98.72709780116267,460.132211820593
422,P.J. Tucker,18.0,506.0,49.0,89.0,1.1666666666666667,9.0,11.0,33.0,77.0,6.111111111111111,1.5555555555555556,0.5555555555555556,0.16666666666666666,0.9444444444444444,46.0,7.111111111111111,81.81818181818181,55.056179775280896,537.2654277288635,63.53828830795828
423,Myles Turner,19.0,537.0,86.0,162.0,1.8421052631578947,34.0,50.0,29.0,114.0,7.526315789473684,1.0,0.631578947368421,3.0526315789473686,1.5789473684210527,47.0,12.68421052631579,68.0,53.08641975308642,773.55628675826,-229.78464821033924
424,Jonas Valanciunas,19.0,618.0,137.0,269.0,1.1578947368421053,66.0,76.0,65.0,173.0,12.526315789473685,2.4210526315789473,0.5789473684210527,0.9473684210526315,2.0526315789473686,62.0,19.05263157894737,86.84210526315789,50.92936802973978,936.7770683885058,797.5263949601151
425,Denzel Valentine,11.0,81.0,9.0,32.0,0.5454545454545454,0.0,0.0,6.0,10.0,1.4545454545454546,0.18181818181818182,0.2727272727272727,0.0,0.36363636363636365,8.0,2.1818181818181817,,28.125,-143.69921288447148,
426,Jarred Vanderbilt,17.0,350.0,39.0,73.0,0.0,18.0,21.0,47.0,70.0,6.882352941176471,1.0588235294117647,1.2352941176470589,0.7647058823529411,1.1176470588235294,48.0,5.647058823529412,85.71428571428571,53.42465753424658,363.9900546695734,197.20644674578668
427,Fred VanVleet,17.0,648.0,117.0,276.0,3.0588235294117645,40.0,47.0,15.0,68.0,4.882352941176471,6.823529411764706,1.6470588235294117,0.5882352941176471,3.0588235294117645,38.0,19.176470588235293,85.1063829787234,42.391304347826086,-198.93215880247726,413.9204389014782
428,Devin Vassell,16.0,417.0,78.0,163.0,2.0,16.0,22.0,8.0,55.0,3.9375,1.4375,1.1875,0.6875,0.8125,34.0,12.75,72.72727272727273,47.852760736196316,293.3721590912265,-32.49758846261943
429,Gabe Vincent,15.0,195.0,22.0,57.0,0.5333333333333333,6.0,8.0,8.0,12.0,1.3333333333333333,1.6666666666666667,0.4,0.0,0.6666666666666666,23.0,3.8666666666666667,75.0,38.59649122807018,-120.89193558894193,1.4497679628813103
430,Nikola Vucevic,11.0,376.0,62.0,157.0,1.0909090909090908,14.0,19.0,19.0,101.0,10.909090909090908,4.2727272727272725,1.1818181818181819,0.9090909090909091,1.4545454545454546,23.0,13.636363636363637,73.6842105263158,39.49044585987261,-285.270267669813,-15.03826071818915
431,Dean Wade,15.0,342.0,29.0,70.0,0.9333333333333333,5.0,6.0,12.0,40.0,3.466666666666667,1.4,0.7333333333333333,0.06666666666666667,0.3333333333333333,29.0,5.133333333333334,83.33333333333333,41.42857142857143,-77.22722564361442,42.8748066357344
432,Franz Wagner,18.0,558.0,85.0,201.0,1.5,27.0,34.0,24.0,46.0,3.888888888888889,2.0,1.1111111111111112,0.5,1.1111111111111112,47.0,12.444444444444445,79.41176470588235,42.288557213930346,-153.2568696137068,125.64160289178929
433,Moritz Wagner,17.0,174.0,29.0,63.0,0.9411764705882353,14.0,22.0,7.0,34.0,2.411764705882353,0.5294117647058824,0.0,0.29411764705882354,0.7647058823529411,29.0,5.176470588235294,63.63636363636363,46.03174603174603,56.26483784844902,-155.7081171775194
434,Ish Wainright,2.0,5.0,1.0,3.0,0.0,0.0,0.0,1.0,1.0,1.0,0.5,0.0,0.0,0.5,1.0,1.0,,33.333333333333336,-10.758245876052385,
435,Kemba Walker,17.0,418.0,71.0,166.0,2.0588235294117645,16.0,21.0,2.0,41.0,2.5294117647058822,3.1176470588235294,1.0588235294117647,0.29411764705882354,1.2941176470588236,18.0,11.352941176470589,76.19047619047619,42.7710843373494,-93.75513591457876,22.913666948635864
436,Lonnie Walker,16.0,370.0,63.0,170.0,1.5625,21.0,26.0,1.0,47.0,3.0,2.5625,0.75,0.4375,1.375,20.0,10.75,80.76923076923077,37.05882352941177,-443.063607838359,126.22803402393083
437,Brad Wanamaker,10.0,131.0,9.0,33.0,0.4,13.0,15.0,3.0,15.0,1.8,1.9,0.1,0.5,1.4,18.0,3.5,86.66666666666667,27.272727272727273,-151.36966742992604,154.80783058624291
438,Duane Washington Jr.,2.0,4.0,2.0,3.0,0.5,0.0,0.0,0.0,1.0,0.5,0.0,0.0,0.0,0.0,0.0,2.5,,66.66666666666667,45.1501749145619,
439,P.J. Washington,7.0,148.0,25.0,52.0,1.1428571428571428,11.0,14.0,10.0,21.0,4.428571428571429,1.4285714285714286,0.7142857142857143,1.0,1.2857142857142858,8.0,9.857142857142858,78.57142857142857,48.07692307692308,99.63359668843398,41.94362221766333
440,Trendon Watford,1.0,7.0,1.0,2.0,0.0,0.0,0.0,0.0,0.0,0.0,2.0,0.0,0.0,0.0,0.0,2.0,,50.0,5.908420790614279,
441,Russell Westbrook,19.0,671.0,143.0,328.0,1.368421052631579,67.0,98.0,24.0,137.0,8.473684210526315,8.736842105263158,1.368421052631579,0.15789473684210525,4.947368421052632,62.0,19.94736842105263,68.36734693877551,43.59756097560975,-70.64460742996343,-428.1986795165327
442,Coby White,5.0,78.0,8.0,32.0,0.6,1.0,2.0,0.0,9.0,1.8,1.2,0.0,0.0,0.4,8.0,4.0,50.0,25.0,-152.73263367508576,-24.75837200618645
443,Derrick White,16.0,494.0,68.0,169.0,1.3125,25.0,31.0,6.0,44.0,3.125,5.1875,1.1875,0.875,1.5,38.0,11.375,80.64516129032258,40.23668639053255,-262.1327116820158,147.1697321034032
444,Hassan Whiteside,17.0,277.0,52.0,87.0,0.0,26.0,36.0,37.0,85.0,7.176470588235294,0.23529411764705882,0.23529411764705882,1.4705882352941178,1.0588235294117647,50.0,7.647058823529412,72.22222222222223,59.770114942528735,815.2838581234367,-65.93989438306971
445,Joe Wieskamp,1.0,3.0,1.0,1.0,1.0,0.0,0.0,0.0,0.0,0.0,0.0,0.0,0.0,0.0,0.0,3.0,,100.0,55.90842079061428,
446,Aaron Wiggins,6.0,83.0,7.0,16.0,0.8333333333333334,1.0,3.0,0.0,8.0,1.3333333333333333,1.3333333333333333,0.3333333333333333,0.16666666666666666,1.0,6.0,3.3333333333333335,33.333333333333336,43.75,-2.3910544657000443,-41.42503867285311
447,Andrew Wiggins,17.0,500.0,121.0,245.0,1.8823529411764706,50.0,63.0,19.0,54.0,4.294117647058823,1.588235294117647,0.8235294117647058,0.47058823529411764,1.8235294117647058,27.0,19.058823529411764,79.36507936507937,49.38775510204081,640.8372830112662,230.33536794464595
448,Grant Williams,18.0,376.0,45.0,88.0,1.3888888888888888,15.0,17.0,11.0,49.0,3.3333333333333335,1.1666666666666667,0.2222222222222222,0.3888888888888889,0.4444444444444444,29.0,7.222222222222222,88.23529411764706,51.13636363636363,317.01529921400606,202.15383167190913
449,Kenrich Williams,17.0,342.0,40.0,99.0,0.7058823529411765,14.0,24.0,17.0,43.0,3.5294117647058822,1.7058823529411764,0.5294117647058824,0.17647058823529413,0.8235294117647058,27.0,6.235294117647059,58.333333333333336,40.4040404040404,-147.50155221381277,-229.9505414199436
450,Lou Williams,13.0,161.0,29.0,75.0,0.46153846153846156,10.0,11.0,1.0,15.0,1.2307692307692308,1.5384615384615385,0.46153846153846156,0.15384615384615385,0.7692307692307693,12.0,5.6923076923076925,90.9090909090909,38.666666666666664,-157.32246373885263,161.50718902904458
451,Patrick Williams,5.0,125.0,13.0,23.0,0.6,4.0,4.0,1.0,10.0,2.2,0.6,0.6,0.4,0.4,9.0,6.6,100.0,56.52173913043478,161.5920789736378,100.9665119752542
452,Robert Williams,14.0,423.0,59.0,80.0,0.0,14.0,23.0,56.0,79.0,9.642857142857142,1.3571428571428572,0.9285714285714286,1.7857142857142858,1.1428571428571428,20.0,9.428571428571429,60.869565217391305,73.75,1749.8468266462426,-194.44329504313203
453,Ziaire Williams,15.0,282.0,30.0,87.0,1.0666666666666667,3.0,4.0,5.0,18.0,1.5333333333333334,0.4666666666666667,0.4666666666666667,0.3333333333333333,0.6,28.0,5.266666666666667,75.0,34.48275862068966,-288.26461766088187,0.7248839814406551
454,Dylan Windler,14.0,166.0,16.0,35.0,0.6428571428571429,3.0,4.0,7.0,21.0,2.0,1.1428571428571428,0.21428571428571427,0.14285714285714285,0.5714285714285714,17.0,3.142857142857143,75.0,45.714285714285715,25.963304078399915,0.7248839814406551
455,Justise Winslow,13.0,116.0,13.0,37.0,0.07692307692307693,1.0,2.0,7.0,25.0,2.4615384615384617,1.0,0.46153846153846156,0.38461538461538464,1.0769230769230769,11.0,2.1538461538461537,50.0,35.13513513513514,-116.43377296525759,-24.75837200618645
456,Christian Wood,17.0,550.0,100.0,225.0,1.4705882352941178,38.0,71.0,28.0,160.0,11.058823529411764,2.176470588235294,0.5882352941176471,0.8235294117647058,2.0,41.0,15.470588235294118,53.521126760563384,44.44444444444444,35.286523505872225,-807.0153193336764
457,Robert Woodard,1.0,3.0,0.0,0.0,0.0,0.0,0.0,0.0,0.0,0.0,0.0,0.0,0.0,0.0,0.0,0.0,,,,
458,Delon Wright,16.0,196.0,14.0,38.0,0.3125,10.0,13.0,13.0,25.0,2.375,2.0625,0.5625,0.125,0.4375,4.0,2.6875,76.92307692307692,36.8421052631579,-101.49263524718953,21.647049168904715
459,McKinley Wright IV,1.0,4.0,1.0,1.0,1.0,0.0,0.0,0.0,0.0,0.0,0.0,0.0,0.0,1.0,0.0,3.0,,100.0,55.90842079061428,
460,Thaddeus Young,13.0,224.0,48.0,82.0,0.0,5.0,14.0,22.0,28.0,3.8461538461538463,3.230769230769231,1.1538461538461537,0.46153846153846156,1.3076923076923077,20.0,7.769230769230769,35.714285714285715,58.53658536585366,693.3602955104611,-195.22043145950366
461,Trae Young,18.0,613.0,155.0,351.0,2.5555555555555554,94.0,103.0,11.0,53.0,3.5555555555555554,9.0,0.8888888888888888,0.1111111111111111,3.9444444444444446,32.0,25.0,91.2621359223301,44.15954415954416,10.534567274558313,1551.3538081175036
462,Omer Yurtseven,11.0,36.0,8.0,14.0,0.0,3.0,4.0,2.0,6.0,0.7272727272727273,0.09090909090909091,0.0,0.09090909090909091,0.2727272727272727,2.0,1.7272727272727273,75.0,57.142857142857146,104.4102234677714,0.7248839814406551
463,Cody Zeller,18.0,231.0,30.0,51.0,0.0,32.0,43.0,31.0,42.0,4.055555555555555,0.8333333333333334,0.3333333333333333,0.16666666666666666,0.6666666666666666,34.0,5.111111111111111,74.4186046511628,58.8235294117647,441.95850607136947,-10.872555360756905
464,Ivica Zubac,18.0,453.0,68.0,105.0,0.0,47.0,62.0,45.0,104.0,8.277777777777779,1.2777777777777777,0.3333333333333333,0.8888888888888888,1.0555555555555556,36.0,10.166666666666666,75.80645161290323,64.76190476190476,1405.5821375712947,49.2597415156888
